-347,466,-26.822,-52
337,-60,-37,57.811
42.869,-284,171,143
-55.091,-256,0.911,-68.261
-441,260,-116,267
124,-25.078,64.696,68.978
95.827,-333,495,76.298
-95.957,-62.055,-5.558,-58.113
73.228,-317,418,-271
-346,-16.914,-78.917,299
160,-243,-316,46
30.322,-301,117,97.672
-8.476,101,93.507,-27.811
-30.235,-166,-393,-248
-5.997,-306,463,-217
61.172,-17.287,52.377,303
-326,-21.152,194,62.579
-82.194,-128,94.418,45.562
475,180,170,-93
48.778,66,340,65.926
63.517,-496,246,91
190,-224,-272,31.164
174,-303,21.631,96.36
-433,-291,-197,57
47.11,-88.78,92.664,497
84.065,79.332,-315,-39.107
-396,-51,-413,-17.087
-151,32.692,-12.394,52.082
-300,-26.821,-13.644,9.151
-26,-20,-22.77,120
98.35,40.758,340,-461
389,-20.564,5.821,-104
-83.821,211,31.321,-84.107
94.192,-2.345,-156,354
476,-348,-26.851,-25.424
388,91.871,90.968,43
270,389,-430,147
63.745,-52.555,-494,73.084
429,-371,132,278
271,265,479,406
-88.634,-378,-14.061,304
-347,-100,-257,-327
-38.46,45.287,-377,457
74.771,-328,78,-255
-409,98.093,145,-335
2.018,-14.405,-4.75,-479
31.14,42,30.134,-181
-23.957,-173,-265,-357
173,66,396,-99.593
47.998,349,-442,-61.254
-6.391,-144,28.522,-365
-9,132,-103,-247
65.106,49.171,-47.557,66.916
213,-17.235,-39.536,63.542
-191,-492,201,-27.246
95.431,80.683,-447,500
375,376,-56.283,341
-271,336,455,327
36.745,405,-137,376
-321,-65.422,-334,31.572
-163,282,0.919,366
-89.18,-124,-105,163
23.454,124,-135,76.512
2.893,-343,453,215
127,86.768,28.515,-83.254
-23.536,-56.706,347,270
-39.518,447,-48.207,-33.376
-63.503,14.149,325,-18.691
32.091,380,-220,-75.157
-32.717,222,52.911,59.1
286,-14,-373,-52.514
-263,-441,-90.111,28.703
67.311,-406,-252,-90
-3.993,95.196,47.809,16
84,-98,77.165,398
-254,-252,151,-42.215
38,-371,86.431,125
58,8.205,93.252,494
56.497,-168,173,-410
419,-358,380,-287
19,-184,64,-33.005
-41,-300,-75.38,-5
246,189,300,-12.916
19.446,200,33,310
136,28.663,-63.843,119
-57,-99.546,457,73.46
-10.226,-309,446,62
-299,-67.465,105,483
69.917,77.768,-49.727,-86.905
-295,-58,64,-428
21.884,-442,-96.847,467
-403,-88,-399,63.066
-6,8.409,342,23.615
-240,-383,23.681,443
-2,-276,-277,-38
94.119,342,-44.376,58.834
271,-288,92.246,-256
-14.746,452,62,118
-398,-30,399,-369
-36.33,-94.915,72.496,36.233
450,-473,-357,369
-7.442,39,-65.544,220
-50.472,97.044,-24.816,-281
410,426,-292,122
4.753,53,-54,407
-5,29,-359,17
-10.24,-450,-70.677,172
174,-22.441,9.43,49.132
-312,-492,141,6.162
-70.315,76.576,51.143,-313
29.645,283,-43.014,468
30.619,-151,349,-148
482,231,57.595,-143
-258,-284,35.892,471
-216,19.744,85,-13.467
-80.086,-1.395,324,126
-221,-36.491,-48.45,-53.814
45.575,-95.296,308,265
-493,-50,-294,487
-0.213,36.464,317,263
465,487,282,63.758
-31.181,-16.718,47.245,55
-179,33.86,-459,39.032
-41.387,301,231,56.59
-3,8,189,41.795
40,56.391,181,37
-384,-31.624,-30.699,69.719
-332,-76.236,318,42
-4,54.899,-315,-54.35
165,473,-17.183,-93
-55.042,-33.392,-89.982,-240
76,30,-33.696,223
-51,-92.686,305,-306
8.247,-380,83.277,7
2.069,31.952,208,67.953
-414,466,-58.008,472
422,-360,-50.105,-386
-109,168,-252,166
33.806,38.967,-366,-68
436,-2.062,-32.684,317
198,62,-95.891,-46.082
99.292,34.433,95,364
214,207,68.073,-21.374
-36.045,-498,-24.825,-421
-36.869,88.467,89.834,11.666
313,60.159,292,-51.626
-50.488,319,66,-380
-130,35.136,98,79.463
-137,312,65,300
64,-420,-2.219,-9.021
-341,198,-310,0.79
457,35.148,-7.493,-68
-166,68.648,81.366,311
92.371,42.67,163,69.266
-393,171,-47.253,-71.625
-171,63.992,93.477,-72
33.23,-209,-378,13.545
-367,88.684,-479,-108
218,-330,372,-50.504
-462,478,384,118
-87.512,486,358,-25.341
104,-3.675,-449,-433
-405,-430,-51.752,-315
66.562,79.753,340,-388
5.591,355,-60.527,44.257
-32,-472,81.493,-474
80.368,-221,-354,345
228,166,-441,66.207
187,324,-49.798,400
-59.225,-67,140,-441
-489,97,-286,-303
-27.242,12,-11.515,67.452
-47.808,-4.637,-257,-472
-187,-8.063,94.533,246
-259,319,43,6.632
465,-85.55,-100,46.424
-363,-416,58.415,-151
-69.306,-455,-69.649,59.189
-278,-62.373,-431,-6.939
388,257,-2.296,94.029
147,-414,-0.203,63.918
-285,-167,-15.479,39
99.159,-331,-31.04,-346
-149,69,467,-82.549
69,-123,-56.907,301
-489,79.751,-385,314
-360,-153,-334,-13.187
395,-395,297,-421
85.675,-67,231,375
-28.928,89.132,-457,147
53.826,-63.131,146,15.399
442,380,61.824,-389
81.851,123,-59.828,475
-93,-408,67,-315
-2.655,290,-225,15.401
11.044,213,-35,-432
185,-246,255,92
415,-262,-95.783,170
119,5,80.353,24.605
-146,-329,218,250
322,-30,-76,-28.238
-495,274,-379,23
-35.644,283,-342,-32.608
-28.72,33.773,-12,78
7.282,69.633,-177,8
209,-20.933,-19.61,-23.404
54.263,195,30.773,16.772
-135,-354,-11.929,484
245,-2,-30.134,176
-77.563,158,81,-158
-30.194,80.972,91.513,9.223
-435,-34,238,-18.875
-104,-155,-11.633,-123
-67.087,7.518,-74.062,51.953
-393,-248,176,67.994
-37.385,44.435,-366,-58.133
63.645,-59,13.284,445
-85.63,318,-269,71.293
-273,130,266,85.819
21.565,189,73.253,-377
-90,-414,41,-89.175
-41.847,-251,-232,142
71.988,-12.643,-82.844,52.867
322,-228,73.002,-262
-14,431,-71.619,-370
464,271,-207,288
-199,-64.335,119,23.095
56,-317,-66.159,84
-50.488,437,-76.102,-429
-85.171,100,266,-82.503
14,424,-133,26.093
386,-32.522,-61,332
52.068,-397,468,32.881
33.81,10.766,-267,29.076
-28.479,360,-52,57
-72.133,31.768,-77,-0.813
-359,329,-278,-463
-122,38.447,257,263
-170,-49.52,474,-64
-263,-29.03,-93.616,-157
-314,-38.462,-97,53.479
216,285,50,-116
286,-21.128,-40,-162
480,78.986,95.803,-337
-86.81,371,224,166
407,-226,-54.634,285
-17,-77.361,275,-88
263,418,-99.51,69.313
160,459,53.804,-355
5.649,36.377,-86.324,362
-44.952,-147,-31.415,94
354,-209,-11.015,63.555
-252,244,-344,18.928
473,213,-231,60.592
-109,-328,55.402,12
26,-24,428,2.7
-436,-48.378,-31,17
10,-60.299,311,109
-180,-88.495,-44.792,-34.697
-13.138,398,-36.753,30
394,83.06,139,-455
437,3.116,66.072,-312
-337,-124,-93.921,-309
-415,160,-122,99.615
341,-62.492,54.617,-55.953
457,48.036,-177,-7
375,-37.846,122,-24.011
-44.105,479,-420,-295
77.96,66.633,219,-25
14.528,256,-87.828,336
195,91.045,-361,-110
167,-77,10,136
21.954,191,-81.671,-68.183
88.274,-248,-70,7.815
-40.523,367,242,275
85,-416,235,255
-426,90.395,-222,303
-79,157,354,-31.864
403,6.621,-64.413,135
286,-298,412,147
-33.061,390,-371,482
254,65.391,0,-80.03
53.091,96.947,83.739,-354
153,335,-99.098,-91.612
-244,-36.2,25.358,14.863
291,28.763,-44.177,135
-105,285,-76.001,55.714
360,196,66.896,103
14.536,477,155,484
313,443,312,-12
-270,-252,-25.176,43.875
-478,-86.609,33,413
206,-6,-430,68
-236,0.489,347,-61.105
-85.439,-303,-17,455
478,76.815,301,-270
-28.29,432,21.183,327
-483,90.316,81,-132
84.575,-255,88.326,29.608
-49.395,430,-46.892,26.168
-24.673,-138,-408,39.006
174,460,-15.607,-61.27
-397,283,-92.766,361
-224,87.57,-57,153
-119,-495,-158,-81.554
487,354,39.523,-90.732
-47.584,475,146,414
238,-391,19.218,-27.229
-490,-79.832,-172,-107
53.553,172,90,-250
-88.447,-71.281,0,214
-27,13.601,-47,78.323
39,-93.985,34.437,-76
-80.203,-27.924,-348,293
-9.477,330,77,26.833
-49,-42.348,-460,-172
-363,63.346,446,-19.426
-1,40.567,258,-461
-272,-126,436,64.446
-25.033,-31.049,-11.947,-65.48
-220,496,-485,187
87.82,450,-60.659,-111
3.403,75.203,47.219,-8.691
-238,-63.156,420,-48.86
299,-410,-267,5.705
-288,-38.994,485,-480
435,-122,-66.947,-72
33,456,441,39
-359,-463,-46.516,8.262
35.4,57.505,-11.514,123
46.028,5,-287,-170
298,97.024,7.264,51.527
414,92,151,78.02
279,212,-40,159
28.702,-83.451,130,69
-106,498,239,-50.849
99.561,171,42,-94.872
57.01,-9,-42.791,59.919
-27.176,-28.293,11.806,316
-445,255,86.159,-357
-90.063,-232,44,-27.888
4.153,7,239,318
270,-36,-69.058,-80.561
62.639,-445,127,35.983
186,-338,-256,-94.93
-461,97.717,-316,-483
267,-367,80,244
-64.641,184,-48.826,-92
-188,-225,86,8
493,-20.691,-176,-104
397,-70.143,41.93,149
-337,487,98.475,-14.025
70.054,-152,-87,21.703
495,188,-243,-11.918
-47.727,-9.038,-243,-100
27.729,-441,-85.101,-34.269
-70,-83.917,51.712,-248
-261,-5,59.513,-410
218,-2.008,-75.973,5.989
-58.541,361,20.281,138
37.748,307,-196,76
160,442,-0.446,438
-456,95.496,53.112,59.171
-19.587,-30,-78.938,-65.998
1.388,-19.325,230,-48.915
-17.441,321,333,54.321
381,-243,-296,-16.615
-57.473,-128,14.406,-424
4.77,239,-385,270
76.166,122,69.271,490
-7.88,213,-129,-169
440,71,-113,445
26.568,140,-146,-163
29.739,375,-458,-127
-53.835,69.032,-397,-3.748
-312,42.42,-34.665,23
74,59.621,-211,-42.659
-459,32,488,415
46.115,-454,166,261
-58.321,-93,-316,91
-58.004,-339,-90,446
-47,88.402,35,-404
230,-142,286,-373
4.34,-487,189,154
60.605,-218,17.783,343
299,-52.779,68.852,497
247,-38.47,70.143,424
-304,-207,-76,-7.745
-293,-46,30,434
431,79,-77.467,57
-461,411,415,276
-69.207,2.164,48.123,-405
-314,-135,311,-25.242
97.843,-47.79,-21,-190
27.334,203,292,-66.155
-368,-81,87.523,147
-409,-246,-383,-215
83.339,-213,-64.824,-160
111,-36.062,81.027,-91
-265,-4.293,-32.409,-430
442,-112,65,109
200,140,-386,-3
50,-321,72.677,-476
369,397,0.658,-167
233,-68.674,-28,-77.375
-94.124,9.897,-279,-11.406
55,452,-335,-39.713
-372,96.994,67.491,-84
1,-61.707,23,368
79.788,-54.633,-32.232,50
98,216,-300,-19.103
351,43,99.454,17
-81.159,-498,72.366,-169
-481,-17.393,-92.108,-413
-432,45.621,76,11.78
-45.528,99,-57.36,84
-315,-2,389,40.467
24.327,71.756,-379,217
-197,-309,-12.716,-84.381
-64.147,98.707,53.967,-82.445
75.091,-196,-354,50
-31.218,-49.475,248,348
87.366,378,-14.284,259
6.961,-61.33,-82.113,-77.611
439,-379,87.642,28.198
204,73,-46.063,-53
261,-23.888,-2.541,83.369
9,94.916,272,47
-46.95,9.732,-10.877,70
84.491,5,11.786,382
-387,-81.318,243,321
67.07,-334,21.189,68.417
39.963,458,-96.715,14.227
-328,-12.135,-61.64,57.217
-195,408,38.092,-477
149,374,62.385,12.212
313,267,-6.808,-66.921
183,226,268,-51.251
42.344,-166,385,38.29
-78,-109,-7.797,50
69.584,-442,59.496,466
-54.468,31.719,-37.187,356
-45.237,29.162,49.371,-99.856
-247,-176,441,-81.157
65,185,95,213
-271,237,446,-246
-59.136,14.247,-16.43,4
241,-61.922,-78.173,-400
-63.415,233,275,-68.928
73.621,-1,20,-57.399
-1.785,11.875,423,-288
-21.437,-105,187,-121
-37,-191,358,-1
-64.983,-326,35,76.029
185,190,-460,-16
-321,369,-290,19.759
-46.422,113,-59.828,42.408
-281,409,369,-289
-0.4,492,-52.355,207
17.233,-238,-188,-375
-366,-24.676,-200,37
485,-50,-272,435
35.644,-83.482,35,79.515
-215,135,-68.134,414
93.489,93.422,-68.528,-36
-372,-94.422,300,-56.126
-24.781,-43,148,232
62.075,62.39,445,328
-273,89.629,-453,-192
160,-67.427,-47.207,-17.025
89,-281,195,-18.419
13.919,-424,67,-467
-70.681,75.093,-465,287
-17.879,391,87.478,-98.42
377,146,-69.701,324
353,456,14.463,-227
-474,88.579,-22,-144
-499,315,-231,86.806
389,127,33,-65.492
240,475,82.935,466
-398,-491,-66.736,-90
46.968,-81.461,-140,444
331,420,294,232
228,359,162,-199
-63,66,22.564,396
41.308,-273,-384,-73
95.96,119,-28.468,333
82,21,-407,386
34.41,292,-257,-36.173
-51.828,486,13,429
20,488,-87.631,304
-2.894,-2.728,465,52.679
97.669,-25.939,121,64.68
36.864,-16.292,-85.783,-51.098
-110,16.926,93.542,37.334
496,54.983,117,-80.977
426,-99.172,31.638,-220
-416,53.221,-13.124,168
-215,-397,4,-497
-96,-272,-145,-59.516
-468,-70.473,58.686,254
471,484,-26.531,-98
-237,84.438,4.588,-353
213,-34.8,-85.243,-330
235,75.7,-97.93,2.216
-28.382,17,5,-454
67.596,-83,-169,126
-302,-489,178,-71.002
-49.571,-297,456,-29.884
-81.83,1,-8,60.151
-117,14.384,5.136,47.46
62.223,494,-45.126,246
112,351,21.342,95
65.56,115,56.122,87
-63.799,-143,50.286,243
-338,97.567,-25.812,-281
69.327,-77,439,-334
19.362,-27.788,117,200
-95.618,-17.48,-18.893,-40
-433,-142,77,68.238
-94.077,35,427,476
65.385,20.433,375,344
366,19.108,32.043,41.938
29,39.928,-128,37.479
-55.444,-151,-99.578,-207
-295,418,271,-8.664
-271,424,-284,77
-151,31,171,335
-401,-50.541,48,-97.153
311,-53,418,-211
465,-100,-467,-284
24,-481,82.13,298
201,7.02,-260,30
450,175,10.655,-71.993
-373,366,272,-219
331,-118,-285,-310
342,-270,-21.246,77
32.779,404,253,-500
-387,-374,-43,17.184
15.019,102,-48.347,-123
-180,7.434,-306,18.406
-134,230,-63.53,330
-153,-375,-42.502,-214
427,-67.477,62,234
399,97.555,33,-473
73.894,-11.707,82.25,-98
461,20,-52,483
-72.406,499,-108,-59
-79.131,1.589,84.906,-198
-25.351,40,-42.859,171
-303,383,82,-23.473
27,172,204,-281
-480,88.128,85.327,52.1
67.297,134,-201,-327
-329,48.026,-122,-251
1,-94,-23.403,-316
220,-71.002,56.935,-44
34.672,-111,-84.687,78.596
105,445,-411,-7
75.563,-445,52,-205
50.313,-88,17.076,40.469
275,43,-9.861,-64.095
9.478,439,-309,-86.888
-80,290,125,247
288,-409,-27.22,-278
-98.143,143,469,-27.733
-77.84,419,-189,489
-198,-268,-448,86
-442,266,31.341,464
-181,-495,434,-63.809
136,348,-133,310
-466,37.937,-346,-230
129,-230,-59.485,-483
485,-439,-26.624,45.185
-72.305,417,471,94.866
-49,52,-31.004,9
-414,12,-32,343
34.368,-23.172,118,-225
226,453,-383,-93
-49.891,-143,280,24
84.291,3.848,17.189,-424
-401,-131,-13.459,112
-83.392,72.327,405,202
463,-10,3.832,88.175
-324,-6.485,368,-38.891
-89.914,311,-403,500
-449,481,-338,52.105
-258,-70.454,-12.259,-442
-133,72.825,-373,238
26.164,-70,98.634,16.158
34,50.225,269,77
-397,-81.998,87.08,-63
263,-40.135,-308,-243
-216,217,-40,294
131,234,-263,5
25,352,308,78
377,49.402,193,70.693
-95,-305,-215,366
174,-25.543,37.789,-435
59.921,448,86.468,-60.441
-65,494,-86.392,-353
-108,-174,74.654,354
-318,65.078,-19.005,-91.662
96,-38,74,-89.077
-6.015,-389,136,194
-93.671,-11.568,35.114,-332
-80.445,452,-7,-316
18.75,-64.973,19.017,-296
131,410,-94.721,-491
-97.127,-88,362,382
77.145,-283,-227,129
-416,-113,-237,-300
-96.521,-292,173,15.153
-402,467,-406,374
-70.419,-302,-476,-28.073
105,416,27,73.286
-23.511,-51.627,99.214,146
3.117,-465,-36,186
81,-85.659,175,-200
-82.176,362,-168,-158
65,-42.51,393,-498
341,-77,-184,-261
-462,7.535,377,-231
305,235,-41.219,324
-36.819,160,32,288
-230,-228,321,-6.681
73.858,-237,228,254
-29.94,55.097,136,-187
218,468,483,-342
-54.977,-166,-57.754,413
35.313,62.566,-394,-344
269,87.104,71.315,76.469
18.667,-370,-91.718,-11.999
1.617,450,-76.18,1.124
113,-91.561,24.003,-8.389
288,-54.68,478,-50
-62.354,218,402,-48.007
-79.386,-64.883,180,-172
-494,229,-326,55.479
66,-209,89.38,-20.168
-24.789,386,26.138,235
-391,-88,70.951,-87.528
274,-71,41.992,-415
-185,34.351,-22,-101
-19.712,16,113,-265
-69.416,-70.559,4,-269
490,330,-437,-360
-161,-165,427,178
93.595,28.376,-202,8.686
83.371,13,98.349,-69.964
363,-69.987,-39,-341
-123,326,86.385,213
-59.037,-14.164,69.936,-47
-75.921,-264,409,29
362,-18.318,-296,-312
310,73.785,-35.237,313
82.009,455,32.976,-13.583
83.724,-320,-137,-318
436,92.808,-157,332
7.669,47.59,-423,94.849
213,-61.835,392,-282
-50.911,-85,470,252
-25.43,0.323,22.741,7
51.389,-75.813,-20.808,98.074
285,37.704,42.016,-33.634
325,-84.944,-20.61,57.426
-404,390,13.506,-19.224
-201,-476,494,-191
324,-480,-0.338,-5.67
-22.445,63,-55.017,33.769
27.3,-328,-94.074,47.613
25,68.846,-92,20
-79.878,222,52.739,383
-363,-2.421,-209,487
272,-59.507,-408,-56.107
-248,422,378,45.399
-232,459,20.076,440
-499,-12.327,96.431,215
-95.779,275,2.163,-108
79.341,-97,-305,43
-213,-270,5.179,-390
36,3.105,66,31
-126,28,-18.903,216
8.16,-65.632,-410,71.096
211,27.272,-409,95.885
-114,275,70.102,-371
-29,-8.498,-41.537,-11.173
286,-4,-198,-45.272
-14,78.958,48,96.515
354,-26.273,17.908,5.899
139,-4,-96.063,471
-194,-56,117,-21
70.058,19.748,-89.874,-20.236
24,-8.242,313,12
-288,-25.311,-224,-56.532
314,241,-70,-21
-38.309,311,-31.252,-57
-2.889,-94.784,124,-218
-319,-2.278,285,-384
119,-57.728,99,-376
21,-187,96.012,496
456,-467,-466,1.68
-169,-70.954,372,-95
-380,44.591,-416,-155
56.198,-30,-69.779,397
-34.204,278,40.494,176
408,-493,-16.873,391
-146,-11,-85.012,-401
464,24.833,172,-7.058
56.915,-84.587,-269,-354
379,-82,62.333,68.777
13,41.847,464,-475
-2.074,-96.435,-12.591,-25.51
52,82.278,-64.341,-96.405
500,10.717,87.01,-338
-91.994,-362,85.864,29.596
432,-27.426,-4.513,-94.052
9.35,1.048,-13,-401
25.376,-485,-70,-20.898
-495,-31.466,-78.617,-14.614
-39.575,482,421,461
37.18,-261,-215,4.85
82,-67,5.708,-65.229
79.988,456,99.968,63
-489,18.573,-375,-142
77.956,149,-30.839,48.895
405,-84.956,-67,-298
-254,-10,67.187,402
307,-456,189,-94.849
-395,-37,-73.368,-26.764
-353,208,-150,-417
175,101,-125,-94.128
178,-20.255,98.63,-30.179
77.957,34.088,-37.301,-3.146
-6.172,-452,-98.725,14.651
94.261,81.68,-484,213
267,-367,390,-74.666
306,24.348,90.69,138
52,-464,-413,10
-138,-470,-367,48.004
-68.908,-26.021,-127,179
26.804,-218,-236,320
-84.358,-205,-367,59
2,67.624,83.576,337
-442,-215,-18,-255
-443,36.573,-476,-438
-372,45.234,-335,-78.935
-395,34.038,493,-454
-473,16.585,-99.088,-45.562
363,372,26.371,405
93,86,-309,81.246
416,28.405,-23,-85.93
-402,-8.109,33.407,-178
15.153,5,472,246
313,184,393,-52.464
-51.053,-10.777,-20.654,344
300,491,63.127,-309
354,169,27.323,176
-449,209,69.497,42.358
-52.393,25.367,-466,350
119,305,-257,-264
-39,-447,-91.243,22
-51.367,27.177,32,-176
-25.784,-9,437,-265
-21,-476,110,-29.805
-93.372,-491,-282,-0.857
27.639,-46.76,-77.263,-21.098
43,115,-40.907,-135
-65.851,-247,277,-28.685
-3.697,-50.93,182,48.968
-266,90,197,314
-166,304,428,12
423,-57.881,-44.399,-365
-10.643,47.306,-281,-209
-258,452,-66,-218
19.835,164,55,285
-302,-423,168,226
-455,71.007,18.543,-12.701
60,-88.947,33.071,25.664
-9.556,-51.221,154,17.052
-73,-100,134,11
-441,-74.957,98.077,146
-221,-33,87,10.436
-485,284,422,-37.86
67,257,-95.089,85.983
-14.913,337,86.924,74.76
-79.736,-429,331,-150
472,31,8.402,-475
19.147,98.722,-473,-372
191,52.36,-48,-195
250,-382,-238,-219
240,-28.703,287,-52.789
-474,80.39,343,46
-246,409,-255,-40.145
1,-333,26.774,385
83.2,-111,69.141,103
-160,-67.556,-14,-64
-91.906,70.594,364,69.347
-64,51.981,124,-9.244
70.271,235,-59,-71.19
-89.478,472,-139,44.562
326,29.426,-369,-95
92.894,-31.323,-86.411,72.658
-248,66.352,182,-470
96.086,-44.789,99.649,-347
-12.006,-90,-195,-421
-318,413,-251,-96.571
6.761,-291,-179,364
-12.364,5.038,197,-77.059
-46.904,-66.644,-51,-245
-303,-383,464,-470
-24.546,-20.229,386,-63
31.776,15.009,-86.434,260
-495,-120,-202,-416
-126,-138,95.666,-365
-355,2.663,498,-79.696
213,-76.087,52.817,-86.162
-462,-70,299,336
85,-91,213,259
445,352,-292,-288
62.767,4,-167,60.012
-98,-238,19.656,-486
-98.045,-205,-75.033,-30
-34.424,-78,49.599,-299
398,-289,-275,157
483,-54.284,-494,105
88.772,11,-51.506,98.857
303,75.638,-406,50.324
330,395,-39.497,287
-70,-11.135,-22.031,-26.08
21.965,-340,-76.226,-220
-325,87.61,-18,6.281
461,-9.454,48.454,-88.108
68.567,-339,58.231,237
-266,0.304,76.272,-365
69.404,-22.055,-40,91.594
6.267,270,373,-379
-130,-60.6,-55.256,-13
264,-362,363,188
162,64,-440,34
379,315,48.54,-344
324,-100,-45.246,74
56.45,44,2.098,487
256,26.9,-345,-47
144,-32.764,-442,-53.007
86.273,257,219,80.642
-473,476,-89.115,390
22,2,256,-21
-12,80,-132,-13.691
65.774,-124,145,369
325,-307,78.899,10
-346,244,134,384
256,110,55,-224
-30.763,211,4.32,225
-34.084,31.2,-91,-322
182,-368,-12.833,-56.518
-444,405,22.075,490
73.69,128,499,458
125,428,-375,-495
-6.236,-374,-425,-5.436
-146,-71.391,-283,-88.098
489,48.851,-205,29.206
375,-245,-304,-95.664
344,-11.976,363,-317
-31.529,57.35,88,-136
-75,48.237,176,39
-84.426,97,357,352
-373,33.365,93.756,108
47.463,-53.664,58,-72.702
159,299,-312,43.745
372,76,85,270
143,-418,-19.095,10.5
-36.166,94.129,-30.204,-424
43.88,-8,347,-54.583
-52.209,47,51.505,125
97.84,43.788,-376,70.986
-225,232,-214,-71.279
57.492,98.186,-37.144,9.057
401,182,-247,152
-58.857,-207,29.759,80.453
146,29.83,-198,80
83.336,3.363,346,-16.377
-164,401,-39,465
-306,147,467,-55.235
84.114,-446,-97.44,435
51.855,-272,-26.464,294
403,-491,227,403
-264,-23.075,425,-147
28.814,497,-242,-410
-498,-87.394,438,-83.695
-299,-472,107,56.699
94,264,347,479
74.273,-390,-53.853,-403
-484,-340,-297,-37.472
-394,-273,146,29.875
65,-95,222,26.68
136,-72.711,50.717,80.577
-62.301,81.045,-64,-221
-255,232,-47.722,47.146
67.286,22.838,-492,-7.189
8.627,-381,-50,88
-51.689,-34.672,125,46.152
-16.349,-93.615,443,15.041
-34.591,84.469,78.524,32.627
41.728,-6,136,-238
367,29.995,-367,99.861
456,-8,-267,-37.604
-91.911,82.189,95.489,428
301,28.812,81.253,342
56.59,4.145,60.011,-34
279,-32,-76.964,323
-410,77,-14.383,47.985
31.376,348,-98.314,290
28.643,31,386,-53.443
-132,-85.36,-34.538,-304
-111,-46.941,-53.187,145
-74.486,96.788,-97.867,41.51
-47.576,-53.008,7.106,-0.536
0.742,-69.777,37.816,-370
99.858,437,45.011,-350
55.481,88.769,-202,162
-209,-442,8.528,457
-12.814,-65.744,52,-94.668
-4,-7.248,282,257
63.831,-280,-81.644,-400
1.084,-172,133,151
-5.352,182,-354,-250
446,-21,-479,83.048
-55.366,-128,425,370
88.206,190,73.164,-77
-288,-5.494,405,97
201,-457,-16.999,-97.525
12,173,48.644,72.594
-195,30.218,427,-96
-242,3.678,17.535,-500
120,16.796,-138,-21.701
-37.958,102,-24.871,209
-66.851,403,-47.189,-84
-336,14.78,-205,-54.191
-328,27,25.352,3.114
-17.746,-78.572,-398,-16
38.123,286,-71.267,-328
461,-341,80,30.655
112,8.07,-88.393,9.713
-100,30.183,-72.385,-428
-42.556,-385,-20,-69.435
73,92.987,-456,-211
83.116,325,-27.986,-14.039
-80.408,-47,-92.123,-354
-32.163,-53,-431,-87
-14.288,99.214,89,489
177,373,-281,-276
442,-275,-274,92
75.22,20.201,-73,29
49,197,-9.96,-73
88.435,75.328,-81,-41.237
-236,-165,29,-9.801
0.533,-370,-178,-170
138,-306,452,5
243,-97,-42,-43
-207,11.934,-68.431,-5.014
374,-406,203,400
-55.767,9,-20.28,285
-49.309,-66.221,76.54,145
288,85.618,261,-201
7.659,380,204,-152
-71,106,-105,34.113
131,-110,4.14,30.509
-102,-80.97,284,9.572
-9.395,-102,-318,367
-8.344,-380,-399,-44
62.945,355,-473,-314
11.348,453,21.313,-63
-52.076,61.506,484,42.698
-235,201,135,38.743
-138,108,397,-380
395,436,49.039,-469
41.875,106,230,-89.329
-56,-181,33.048,-191
-432,-4.901,-270,-467
-188,60.054,86,91.347
131,-103,12,253
-69,16,370,-98.914
404,-278,-403,69.087
397,93.195,312,-496
-7.742,-20.631,-61,-9
-473,-442,251,99
-89.83,-40.652,91.48,-65.504
333,158,49.088,-3.344
-9,489,25.198,-117
220,482,85,388
-56.783,408,344,73.644
-169,368,463,-157
-74.355,34.575,-64.468,-74.365
-42.121,65.899,-8,78
25,-203,-264,-182
0,69,473,26.658
-36,-0.86,63.666,-204
-97.607,79.388,473,311
12.646,202,37.677,478
130,-438,39.071,452
-17.502,-321,-44.608,-36.622
-207,92.992,313,328
-95,7.817,-423,207
-175,-427,-10.39,60.355
42.653,56.051,-479,-78.932
-320,-26.072,298,-7
429,430,-33.942,403
-203,11,104,-57
270,-413,-393,45.585
-243,-83.726,-5.529,180
69.006,276,499,388
175,-89,12,120
-73.499,159,-76.421,-8.003
-374,222,52,420
-377,424,96.829,240
-379,-392,-16.172,95.083
11.002,402,285,-69.616
-97.602,-247,258,-70.698
273,-496,179,-257
-403,239,-182,490
-406,63,22.594,-275
-422,-88.324,-134,134
59,78,315,-58.698
242,-43,-43,163
314,488,-291,249
-11.608,-79,-140,362
484,64.449,-242,-369
-288,-55.038,-95.876,54.321
46,-40.833,77.057,-342
-284,34.466,154,-462
456,67.99,-259,15.946
66.456,370,-25,45.581
61.466,-498,-1.314,-244
330,12.055,-64,-74
-174,-59.466,-165,-84.019
-223,-123,155,-158
83.313,-26.01,-56.884,420
-19.547,56.617,-138,64.535
-112,-458,-295,-96
250,-273,82.052,204
-24,-10,-446,-80.534
368,-77.924,-25.42,-91
-2.533,21.618,157,-286
420,-308,464,-437
-49.077,28.608,-71.476,91
-274,-340,299,456
51.023,-37.9,194,47.526
-18.923,74.189,-272,-161
-122,-53.197,287,-239
60.535,174,39.595,450
-8.127,268,-187,176
-264,383,-120,-246
58.986,87.68,-29.84,60
-215,-39.956,-405,-68
110,-76.826,451,-296
84.366,-66.252,437,16
-46,-144,2.372,449
23.407,-474,95,-40.086
-184,303,-273,-406
-123,-39.547,-394,-317
-337,-411,-81,-16
29.338,407,-3.53,52.476
-11.52,-224,70.274,-99.713
301,309,-179,294
241,-59.206,-428,257
-351,17,-347,7.642
173,95.612,55.901,64
-145,-163,422,-83.364
137,-86.884,-15.081,92.139
-49.098,-483,-55,438
-107,408,50.323,83.418
-268,61.006,-331,-216
15.598,-51.323,135,-327
485,-34,53.867,7
-352,12.26,48.235,196
6.524,36.778,-27.709,-436
-162,-413,266,-43.867
405,432,-37.674,407
365,17.696,-309,63.192
42.67,47.898,494,234
-339,305,79.341,-80.582
49.18,10.32,-82.408,60.162
-46.779,-80,73,69.51
-289,-1.969,-74,289
-221,-45.706,372,-200
185,-2.622,-42.423,286
29.947,-497,-41,9.461
35.138,-121,79.07,53
17.263,3.969,-371,-460
-283,-134,-364,481
79.838,-277,209,56
264,16,-320,-46.409
-224,-273,48.251,409
155,255,-217,95
148,159,-96.438,168
-235,-359,-93.512,65.936
-87.21,439,-365,349
30.316,-205,237,-84.653
282,499,-7.434,-51.685
-39,-92.828,353,98.241
-49.628,-97.138,265,-486
427,265,67.2,57.432
8.261,28,69.75,44
96.107,-48,40.15,-4.459
-32,-96.194,-21.591,-40.839
284,67.036,-41.33,-356
-418,54.858,-268,-138
-50.063,-85.867,55.443,-193
99,-26,370,51
-85.948,182,290,-422
-457,-487,78.297,-440
-428,406,242,-98.588
-174,-100,-80.645,-84
-236,-129,1,-220
66.761,-16.11,43,-155
-44.263,-96.746,-270,-256
-411,41.632,-426,69
-319,423,-74,-66.941
-119,-139,-205,7.221
183,409,21.847,-61.5
-15,62.76,2.593,-37.929
-95.966,344,-30.311,493
-61.88,-37,-23,-99.707
-197,-58.708,91.349,-425
9.924,411,281,-450
231,106,20.899,-56.903
-55.95,-83.175,25.664,423
-68.188,305,-85.705,80.668
31.584,-9.464,-478,119
-181,-235,-242,29.055
414,-22.099,14,-54
38.776,9.264,-50,-24.752
-285,239,-87,74
23.729,88.662,485,-7.243
36.972,95.273,-89.892,-17.782
228,431,-219,-171
-119,40,76.736,41.945
97.625,-96,-390,-413
-184,-86,348,-379
65,-75.932,-8.12,420
-496,-101,-363,97.744
55,-120,-162,24.484
21.379,-304,48.842,77.767
34.5,155,58.158,432
234,220,-244,-311
-69.047,-21.048,210,-130
14.58,-343,74,-441
421,-73.937,369,473
48,-24.527,73.122,488
436,-30,-240,5
1,100,-40.265,-79.248
-90.195,353,140,65.669
-11,-348,-82.925,149
-19,386,334,91
-70.055,176,107,-287
-187,9,202,-3.314
74.697,-160,-29.073,99.425
76,77.399,126,412
-35,329,319,-44.833
348,229,-78.358,-491
19,-169,40,95.675
-55.842,304,-172,479
70.689,299,-50.929,-123
-309,66,-142,77
124,258,12,79
-164,69.572,359,217
259,18,-194,76
134,-69.018,67,-21.936
226,-35,-55.32,1.939
416,-82.936,-24.139,335
-54.737,-96.829,-28.51,-170
331,-44.175,-194,347
42.669,-281,241,-451
58.785,4.441,189,198
363,-77.962,-34.778,77.259
-71.154,49.149,-416,-179
-328,-68.995,408,379
-285,62.542,372,98.253
-159,-74.285,173,-332
-16.04,124,-52,-22.269
-63.024,63.38,-14.072,465
48.701,40.815,-68.707,78.434
53,22.14,395,333
12.881,-464,56.704,64.591
37.419,-414,355,68
-83.728,-260,-293,456
387,310,-20.091,-14.93
-184,12.769,-340,6.101
466,86.793,368,205
22.614,-3.804,-55.598,-22.068
-295,86.182,-100,-75.874
-410,-87.79,-375,8.565
-398,57.649,-17.287,-63
17.19,449,66.274,-50.662
382,-22.863,-375,-286
-346,-33.896,453,-283
-17.254,-399,-104,103
42.052,-422,-32.831,-47.746
-414,420,-124,-94.112
-53,-247,-385,-16.236
477,-173,-344,-42
176,110,69,41
-85.695,-426,-22,-464
76,-64.256,97.193,-57
-77.373,69.918,-340,-136
44.1,9.321,326,-291
-212,-298,-149,210
-88,-87.582,-81.793,363
-207,-138,-72,-39.587
39.453,413,69.381,-389
60,-1.183,-68.213,-15.157
20,21.898,397,70.058
56.247,329,-130,-334
-493,80.389,-31,-100
-58,94.394,44.877,48.565
-63.976,-86.132,84.88,-250
-2.446,-378,85,52.471
-50.162,57.44,-258,-320
-63.672,-432,-235,5.502
304,-356,459,-32
-133,-37.925,-321,-499
3.486,-496,198,9.276
-44.477,235,176,-29.928
-163,-25,31.785,-83.875
-279,429,-0.371,174
-367,-47.544,158,-84.132
-355,-288,57.55,7.837
32.075,-149,-467,-24.195
-55.819,-267,-104,45
-258,370,-39.197,78.638
-91.395,436,-160,219
-123,69.528,-128,-132
39,364,-168,-102
96.492,-75.604,-171,-31
74.083,27.843,-39.698,-10.675
-181,51.111,129,475
74,-56.488,69.238,-204
19.031,69.485,-265,-59.258
-412,-150,185,-430
-92.325,383,-13.48,-113
-35.215,-343,-200,-23
69,24.514,-257,197
68.358,433,95.442,-92.08
-416,-11.125,73.464,71
270,96.107,62.267,-93.101
-265,-22.077,-388,-184
85.069,20,-19.738,98.334
381,-165,8.262,-192
-85.44,-23.446,-48.04,72.56
-98,436,39.15,247
56.17,-87.777,-57.194,-74
-416,98,244,36.898
-29.636,-81.109,286,-97.143
242,447,-364,-64.98
-84.989,-366,307,320
133,41.217,-448,97.265
7.175,-29.286,14.571,-443
-36.701,-70.676,491,-314
203,176,-142,-499
-254,-0.754,-93.708,43.218
135,-174,-384,-135
87,364,-4.483,-238
71.159,77.708,370,6.627
204,-33.941,234,-166
-99.544,-271,323,-449
64,495,392,65.473
309,63.174,60.078,-103
192,44.941,8.76,95.505
-52.176,-83,98,355
-198,-2.165,-272,-156
-439,-77,495,-392
-278,92.347,60.426,6.208
-7,-29.32,-31.9,22.275
-52.961,-411,-86,-46.929
60.054,38.99,47.354,-201
235,-118,53.91,-425
255,-12.198,-24,244
62.614,359,-449,65.123
-23,-10.537,41.441,-83.777
-30.585,-245,-124,-41
-334,498,-295,-44.79
315,32.483,-153,-418
499,21.563,-115,82.104
-77.543,443,77,-470
-82.909,-6.707,389,194
-398,-491,448,-274
-71.099,-454,-53.623,21.298
254,92.454,-10.062,-260
35.178,-308,-304,453
-360,-298,372,7.667
-493,-146,-427,-57.563
-51.69,-190,-189,-9
-270,410,-250,-65
39.661,79.833,82.806,-464
54,-93.355,-69,-198
-29,26.099,38.411,-42
-27.839,441,76,29
125,79.151,-361,-62.54
89.347,-81.908,-365,-426
-42.256,42.212,-257,-65
-141,-98.527,375,-138
241,378,35,-86.747
-76.488,-7.413,-61.311,-23
156,26.444,362,-68.76
47.414,-87,434,93.87
-85.109,-84.325,-17,-227
-64.252,-49.235,162,221
-79.7,-42,-18.93,-455
91.947,-98.836,-114,-92
-12.769,42.086,-312,83.157
221,98,-331,-324
-182,-33.559,-9,-86.028
-22.393,-389,-39.146,305
418,380,261,-69.111
224,-356,-86.27,-64.637
467,475,-50,-84.293
279,309,46.145,99.198
-59.018,-5,-11,268
-8.481,29.207,89.57,8.699
-4,114,76,-60.786
-247,-423,31,155
44.353,-96,-25.737,-76.35
479,-439,51.353,25.905
71,4.069,-33.312,-15.916
-97.366,-77.517,67.921,-361
-47.92,-39.187,-340,407
485,153,55.657,-94
-198,-23,70.822,-89
417,96.219,-60,-101
86.059,-433,-51.333,474
-288,113,277,-247
45.698,-47.039,80.378,99.246
411,-59.207,375,-105
-438,-455,-58.712,-95.802
-385,-246,471,-32.714
18.755,-310,17.877,-307
-377,-249,112,366
-160,-130,362,48.599
6.128,-27.791,-284,86.638
-222,-270,73,59.284
-259,460,-240,34.897
-17.044,-402,-367,-151
309,216,-465,54.442
51.057,23,-79.969,-475
61.076,50.113,380,-55.328
-185,271,-402,291
-467,-90.628,-69.828,67.248
162,39.209,76,-452
-469,-10,350,90
29,-90,-92,166
4.475,-338,-33.417,-34.696
163,76,58,50
12.273,-42.692,-135,390
343,40,4,43.682
131,85.596,-76,59.054
75.632,75.899,-423,66
58.421,223,-341,-375
-473,9.524,-147,-390
-83.732,-52.266,-428,96
15.202,-314,308,30.522
-112,83.118,498,-476
58.117,24.551,196,25.933
-125,-73.54,-225,144
86.699,-84,-479,70.829
-10.03,50.341,-83.746,89
-10,54.284,382,484
209,301,-1.318,-378
97.576,342,-486,-310
376,-84.154,-359,-33.106
-99.429,-82.857,-41,-53.481
-38,189,71.735,-34.469
-88.184,-114,439,-351
203,-293,10.775,-208
-35.169,-356,-91.452,-66.28
-457,-69,28.245,144
70.999,448,-46.085,453
98.465,-376,-85.702,-27.77
-298,85,91.879,53.896
-19,-75,181,3.431
-97.345,-15.059,-84.823,440
-494,235,65.167,-88.041
-382,-479,-65.154,92.896
-35.308,153,341,406
71,-421,348,-182
84,-259,-482,-355
26.124,-52.139,-305,17.654
435,454,-148,483
95,-109,203,31
288,-17.258,434,168
426,63,-177,327
92.31,195,-135,-95.077
141,-454,72.702,29.561
56.557,468,52,400
-95.217,48.596,-65.612,-395
-54.608,64.95,-354,-3
-318,-5,14,-282
-46.416,56.018,-64,61.38
19.344,45.664,3.243,323
40.017,-269,379,-66.29
-447,-83.066,-348,242
29,82,-12,420
263,-122,-204,-89.345
252,86.128,92.337,38.597
-165,309,14.548,-81
340,303,-373,-168
-82.547,354,-382,92
-124,-92.549,6.12,-46.875
432,-72,120,-132
418,26.291,-87,64.412
79.027,469,18.119,-220
374,-140,23.621,-433
-74,-94.333,292,-385
78.606,100,-345,81
23.787,85.492,-1,14.054
309,-298,92.484,-171
50.564,-75,1.109,-131
71,445,-476,-4.919
-263,75.277,425,64.321
-75,-356,113,153
-258,-360,-108,-245
147,-297,-420,14
-436,45.371,-63.333,308
-16.957,342,-78.142,-182
48.977,-72.238,-352,48.27
-315,38.028,118,-474
444,373,-235,380
-17,-35,11.393,353
-39.113,-155,-192,-89.005
-415,-4.432,142,78.732
-86.076,412,28,56
-287,-49.955,-129,131
125,-61.182,12.816,248
61,28.192,17.654,-3.306
305,383,99,-294
-410,378,-61.031,-85.909
463,341,12.828,-75.438
433,444,409,-60.389
-174,27.843,-484,34.452
-3.328,-6,-216,-193
-43.132,-10,-98.773,-3.274
35.608,-289,-70.454,93
87.677,-72,-3.013,-59
-95,460,72.393,335
-336,-89.549,-33.125,252
60.572,400,-11.636,-233
-96.216,-54.961,-1.995,56.536
84.867,-75,99.02,-51
23.209,-25.266,-481,-27.789
-298,360,-490,-47.349
4,-185,45,481
194,-298,63.232,206
109,156,6,-78.046
10.884,84,-64.661,-9.621
86.126,52.738,59,-33.245
-454,285,46.777,-182
57.675,106,187,9.781
355,-52.194,-37.41,-179
36,439,57.853,-218
1.755,-440,14.724,17.676
-8,6.422,-138,28.541
363,-237,482,462
-26.949,-13.224,-184,253
-0.872,37,11.654,-87.021
-284,137,-426,-100
433,216,-65.583,-88.962
-42.883,58.234,85.624,-399
9.216,-207,-90,54
49.745,373,-464,304
405,82.464,400,-88.981
45.166,-257,357,26.552
100,13.975,42.073,53.418
-57,-68.467,-389,70.055
37,14.187,138,94.145
-464,-1.536,75.557,373
118,-12.191,16,85.544
-311,179,-7,-43.722
260,-52.983,205,54.218
-56,80.753,-39.342,261
-223,434,-203,-270
-232,96,-466,-194
283,86.782,90.934,-401
84.993,85.208,-54.417,-35.911
-78,-45.262,39.22,418
65.968,41.286,10.169,-489
59.571,236,-499,-12.126
-390,-484,-187,-45.986
147,-74.311,42,-273
-333,205,497,-196
70.079,-336,-27.007,367
-349,-53.084,-28.238,76.405
404,-16,-385,10.375
-3.995,-321,471,266
-348,6.61,446,-447
76,-337,-296,94
22.488,-101,476,32.884
-425,-54.542,-232,-58.096
64.882,-378,-63,-191
-18.082,-271,-78.67,82.375
-166,125,-215,5
-121,379,244,-54
-27.056,-257,-297,382
-7.888,10.995,-91,-59.633
18.48,28.027,-94,355
-430,42.148,118,-478
44.206,-19.219,-25.819,-74.948
107,-274,401,-6.71
-170,-134,1.812,77.156
65,61.889,-20.452,-20.923
5.252,-466,132,-80.683
-17.572,-201,-14.897,-197
-164,-49.532,304,-42.401
452,398,30.853,78.555
470,58.723,-317,491
-21,-158,-494,-117
277,209,52,-84.923
-106,166,-328,64
70.858,5,-34.867,55.982
79,96,-30.89,-61.661
-2,-248,-34.182,-213
-98.411,-111,257,72
-85.844,-179,-119,-90.33
-493,-65.042,84.946,33.322
-119,179,432,-16
63.587,-94.664,-0.098,251
-471,-95.665,125,23.245
-453,-380,46.47,-4.271
-26.544,-365,72.093,2.183
8.794,-432,-312,469
54.286,-4.332,-58.571,66.882
-69,450,13.075,-41.16
-34.958,-483,96,64.228
-419,49,-177,-78.782
-88.576,-85.927,-412,-85.562
482,-420,90.045,79
-4.237,123,-18,493
-389,136,378,-258
88,44,69.295,91.356
-71,33.713,70.336,70.204
-352,7.268,496,459
289,93.478,-145,450
212,-42.826,-3.198,64.591
-16.627,8.852,-126,351
97.264,338,-385,233
-274,351,-3.982,57.257
35.446,53,-350,-396
-338,87.173,-164,-390
-73.89,-66.931,-14,-362
-69,-290,273,20.71
-19.037,45.106,-328,87
-267,0.373,351,433
-41.44,87,-20,326
401,189,500,-251
46,-15.382,342,251
-22.418,-166,-28,24.844
452,305,464,177
10.282,-48.191,345,30
-89,-210,132,27.712
71.635,-154,-10,61.194
296,-1.86,-16,-97.627
17.517,421,281,-173
-430,-340,392,-23.605
318,-26.806,-94.155,-55.625
-373,-242,-40.392,-493
426,-142,18.883,22
-53.444,1.799,51.879,90.889
409,-339,62.131,-92.977
67.233,230,69.718,30.395
123,-48.177,174,12.337
386,127,-75.325,-9.511
84.564,219,298,77.628
297,25.357,-54,-308
-407,-207,396,-72
102,-96,59,396
-14.956,97.693,-92.921,15.754
38.5,-13.045,80,346
265,198,-5.687,85.857
-9.691,-43.877,-90.712,218
222,166,353,24
54.668,396,9,398
260,79,-477,90.584
426,-99.52,-86.028,-422
54.222,-45.072,-50.211,-160
-57.288,0.243,-494,78
58.403,-16.955,-372,-149
65.255,8.695,386,67.86
-55.389,-32.723,32.331,-192
12.578,29.987,-217,-62.162
89.491,-18,483,391
259,302,-90,364
98.558,-404,500,-417
-56.875,93.45,395,349
245,78,-467,-75.029
364,155,307,43.684
388,-86.976,233,92.414
5.075,-49.223,-74,64.887
-293,414,431,72.352
-97.501,210,-4.429,14.26
19,72.027,-367,-23.985
-42.646,355,244,249
237,47.395,27.026,-60.056
95.826,-468,299,-496
-1.058,-38.545,251,86.529
231,28.926,197,-28.637
19.817,-97.125,486,376
76.849,473,-48.469,-297
22.111,-99.681,19.079,-7.585
-34.583,-28.742,31,146
-500,323,-41.326,-8.467
-9.6,393,-87.121,-99.016
51,74,-445,488
-19.817,-313,5.985,-21
-76.494,-475,14.512,62
-61.922,-90.647,434,-70.355
-17,22.647,-79,79.559
-282,122,23.768,315
35.318,-51.794,486,-430
-462,84.729,-357,-359
311,-432,23.351,492
222,426,281,-132
-68.059,-458,-20.104,100
-364,448,149,86.757
72,-56.975,290,27
-293,-38.625,-353,39.015
235,-239,-78.204,-61.953
68.731,99.453,-12.065,-70.597
-420,-489,-195,11.374
61.129,51.247,298,381
-43.698,127,19.836,-46.821
-323,1.174,11.642,77.906
-10,-72.119,-72.439,-437
-49.802,123,168,10
-444,334,-89.702,212
-448,208,31.066,14.222
-44.133,-37.525,-61.455,98.23
62,-498,91,-63
-102,38.977,1.225,208
431,-74.135,334,-201
-165,379,97.379,69.718
52.942,-243,-69.042,0.838
-37,94,456,-432
144,95.664,7,73.677
-359,17.957,-113,280
101,6.568,348,422
-6.934,-65.283,90.294,423
368,311,-152,-80.28
38.171,-488,-98.301,-155
479,136,-14.645,-62.427
-90.869,-36.532,-227,61.541
-307,313,43.32,192
5.681,-29.777,49.807,-16.629
206,-312,-49.552,-234
82.929,219,243,422
-146,29,399,41.54
93,-340,6.553,-417
15.859,33.822,137,-96.772
18.263,-68.154,468,-46.723
-149,15.147,366,283
96.09,431,67,-492
161,-225,259,-26.789
5.685,38.057,178,-60
295,68.485,-392,343
-47.341,235,465,-384
401,28,-98.311,64.772
29.717,1.911,46.596,-322
143,-64.569,47.912,373
-7,-68.941,166,45.175
-19,-135,-439,48.799
-241,-34.932,-467,2.718
-34.762,-155,-158,321
191,44.446,41.166,-419
-174,92.268,69.731,9.012
-5.824,-80,37.18,-214
95,47.971,42,-179
-208,-363,194,-19
-153,-187,80.817,-54.794
62,-72.865,1,-34.663
-359,23.099,-356,-32.712
223,72.625,32,-72.797
-86,-336,-22.072,82.552
-79.826,252,-410,-357
-73,-347,-62,102
-347,-13,32,-10.274
65,125,88,404
-427,229,82.001,-193
432,-485,-24.026,59.28
-90,136,97.157,161
-31.875,94.807,85.002,-182
-35.909,-414,313,-388
264,189,303,63.167
-156,-489,226,-111
-50,58.111,-152,354
-172,426,225,23.582
-398,-32.451,-105,19.087
48.609,-45.679,-39.651,-82
-408,164,212,-12.235
31,-94.098,50.843,-46.045
-115,491,-318,79.579
-400,17.287,-64.921,-65
40.491,-374,-287,-59.252
293,27.674,192,-245
276,411,-39.268,137
-386,54.291,392,35.296
42.722,351,32.912,13.849
183,19,47.677,343
69.074,446,-69.585,-443
104,398,234,-35.721
-146,178,37.196,292
-374,-236,-57.602,258
39.281,57.654,-71.992,334
-481,-67.7,-40.063,-40.271
23,-137,-454,-257
13.784,-66.4,-6.359,-47.824
-22.146,78.958,176,-87.197
-362,-186,-316,-278
-30.127,-17,-13,-52.296
99.947,-397,-346,-376
78.648,-279,14.916,-90.078
-100,-140,67,-23
5.449,494,373,-262
-59.391,10.701,-55.449,-75
466,446,37.252,260
249,373,63,299
-89.423,-76,-4,58.282
-418,-41.897,75,141
70.756,-32.334,-163,49.561
125,-88.392,-7.699,-14
80.037,-15.992,351,45
69,-6.478,-116,62.183
-90.928,-467,-72.064,-408
129,231,-204,-97.854
-60.977,-86,-340,-4.94
6.448,34.98,-200,393
60.084,84.567,-89.018,66.377
-408,54,-71.311,489
459,-70,115,309
-76.221,-186,138,-432
53.615,58,-15.94,88.489
207,-12.979,-91.73,-53
86.158,287,-265,-128
-220,-379,-79.518,208
95.649,484,23.878,-51.751
50.274,60,40.358,-170
-438,445,-87,-303
-52.983,-5.784,2.704,499
500,-50.168,79.282,42.511
-80.862,-269,71.334,-64.18
-271,76.095,228,145
-23,89,53,91.527
0.759,-35,-126,-81.127
16.928,-288,-396,-38.392
456,-71,459,-48.533
25.245,164,234,-45
79.001,76.507,220,-66.536
40.048,290,1.721,-41.009
63,-76.192,-119,461
395,-83.763,-29,376
377,-54.065,380,-31.267
-7,52.41,-465,-48
67.153,91,63.883,-101
315,-111,-32.238,79
-12.063,68.024,-67.31,236
-355,390,0.478,-63.881
-31,-434,490,-251
-10.364,-364,-279,-82.997
318,389,-97.109,42.728
-65.767,-9.612,111,-373
-27.759,258,95.625,-29.135
89,-427,94,88
-122,55.027,49,400
-405,-23,-236,112
310,-105,62.139,48.977
-162,85,69.728,-81.64
-349,169,-371,29.576
-14,-69.95,-108,-412
67,314,412,-305
-3.39,228,3.621,255
-16.04,-42.692,243,-41
-53.529,141,495,17.621
117,-42.511,-7.324,-383
72.363,-96.102,-21.241,-238
-34.005,-87.775,96,435
-47.868,-488,29.413,2.93
-444,44.12,4.489,6.974
426,310,326,-138
-426,0.909,60,-64.5
159,-416,-14.512,-487
-19.864,484,-10,-481
496,5,-66.256,358
224,-67,271,11
252,148,-120,37.551
112,-40,15.819,-255
-94.814,382,-218,-62
327,411,124,207
482,-369,-275,62
87.308,-343,93.584,-123
491,-0.39,-471,-98.968
467,-48.45,-6.806,5.465
95.265,45.558,-429,73.876
363,-401,238,-356
79.58,-206,60,-58
225,-98.219,29.91,71.637
-15.565,-120,322,-20
-380,-74.648,398,23.287
-385,-444,58.486,2.923
480,65.022,60.862,161
-278,313,-62,-41.49
356,-82,-3.701,67.023
-443,-59.474,355,-496
-274,-69.765,39.333,79.388
-171,-400,-77.841,-78
358,37,-293,12.392
-439,-13.445,-99.59,-393
226,-391,24,-424
-396,-216,19.46,92.496
253,19.638,-362,-304
-139,-50.627,0.538,4.434
71.24,-169,235,-370
-437,362,82.99,-327
-39.78,165,-50.312,-90.648
-89,35.059,-82.086,-28
355,-170,88.165,267
148,14.949,21.311,78
-180,-446,45,-1.037
301,-225,34,48.025
-48.349,282,-45.543,-390
430,241,-71.905,-75.686
119,77.969,-33.1,-74.924
69.211,394,68.414,144
-52.508,-469,74.733,87.343
176,48.029,-56.49,-87
-410,45.683,-63.994,-353
-49.314,-66.198,70.855,-41
85.475,-62.208,97,-68.271
94.934,-48.331,-47.403,-140
286,-17.821,17.173,-464
-191,-47.795,-38,76.947
22.634,-328,277,365
398,449,497,424
-358,115,-192,92.064
-32,-322,-4,-2.355
288,-167,202,-254
-65,75.941,-51.34,-64.317
87,-416,-222,-357
-67.132,376,-445,-39
10,-93,130,41.298
-480,-5.384,74.884,162
-18.249,-403,452,-410
-78.985,27.713,-8.863,-3
430,-166,-457,51.948
-77.669,-99.976,-477,-11.243
37.099,420,257,-64.82
157,388,56.733,-382
-98.37,211,-59.419,69.828
-363,63.233,397,464
-286,-138,-35.886,-187
66.4,14.669,85.902,-2.661
98,-155,426,482
70.24,-313,203,-64.099
498,197,-59.647,38.361
-75.988,133,94.407,-22.874
62.977,-79,303,-254
15.975,390,419,-13
-34,-90,-71.43,-82
-35.336,51.455,95.367,55
2,207,-75.407,-13.395
-222,19.313,-474,-13.626
186,-446,-280,166
71.581,3.235,96,51.61
-48.546,45.99,112,-483
96.395,258,41.476,474
10.317,80.986,17.455,101
436,-62.629,-7.218,-234
271,-12,-358,-59
376,257,-83.03,165
97.772,50,331,286
-377,428,-55.02,-326
65.927,335,-259,-62
341,16.298,-14,-371
-431,-408,-54.741,42
-27.276,439,7.144,23.937
27.161,-455,42.506,-17
-274,325,61,16.613
65,-276,342,0.96
86.136,44,87.991,-389
387,79,-381,195
-8.212,209,461,221
22.726,-216,60,458
-114,-53.11,-93.007,419
61.253,-280,-89.822,74
-261,-92,81.108,26.205
-54,40.698,52.303,-64.45
-8.075,-22.069,-303,-370
-12.771,76,-60.858,-72.179
-478,336,-99.083,-128
-15.123,50.051,57.476,67.995
345,-8,-249,-123
-17.833,312,48.976,96.889
264,36,62.59,21.952
-18.169,464,477,54.432
461,64.188,-481,-6.764
-290,-471,-226,-81.386
31,-352,-355,178
1,-43.4,-53.425,-53
95,6.17,82.291,306
-73.915,46.205,26.067,47.91
-24,270,-4.94,-330
-57.254,256,245,-31.162
83.187,51.379,-12.89,43.367
246,-71.076,-15.753,-122
-398,-41,-383,75.521
99.319,66,-98.468,-32.331
-148,471,411,-7.779
437,444,-21.932,-62.057
-21,-96.594,-413,49.807
-9.984,-3.836,62.95,-312
-95.53,-97,18.825,128
-338,-378,-330,60
-232,-238,21.737,-119
188,42.603,446,-384
-185,-191,306,16.405
-25.638,-464,-79,-484
35.749,438,94.784,46.058
234,-20.106,-343,48.72
-67,47.151,192,-33.862
-34,441,12.367,46.904
60.036,423,37.81,16.579
224,26.471,98.269,436
37,73.299,-477,7.707
-272,-466,116,119
25.5,-497,60.126,279
-52,76.427,-320,350
-9,-20.547,263,-56.451
-76.569,-402,207,-66
72.231,-6,-380,54.903
164,455,278,93.626
483,56.318,33.286,-466
-438,-71.085,-177,-38.056
51.311,-306,99.542,-86.915
95,-26.074,-102,-430
-294,260,406,19.46
44.693,-5.631,-215,55.932
-222,40.523,-98.014,-276
63.889,300,-20.473,213
23.035,-59.512,-224,-146
-83.222,-36,59.806,83
389,11.798,-436,412
-78.305,33.851,109,-58
430,-289,-28.972,-499
-14,134,-161,-350
-451,46.345,-1.17,-466
-436,-390,95.719,275
487,97.353,81.452,34.298
-294,-362,405,443
71,22.349,-1.071,218
-69,-187,372,145
186,-4.131,221,201
-3.088,-477,479,-52.384
435,-37.771,263,483
190,-80,-193,48.26
69.04,-427,65,36
40.805,481,57.196,-431
34.071,30.58,239,98.172
388,233,-93.225,7.773
-154,44.19,110,8.652
-46.232,88.307,-341,-158
71.196,-400,-471,-33.928
184,280,329,-380
187,175,216,287
24,-11,321,92
-82.027,-152,369,266
-401,314,342,24
223,60,-12,53.341
84.463,-24.226,343,-13
-168,379,17.219,-130
14.834,35,-250,-65.141
-53.084,61.761,32.744,-454
475,-76.384,116,-416
-177,440,-429,-40.046
-28.474,59,-73,-448
78.096,-9.47,-3.045,195
-307,-0.451,-24.773,81.325
386,74.648,20,270
276,-115,328,80.806
-38.895,91.889,210,440
35.453,-428,-244,230
446,-4.247,-14.409,436
318,78.514,227,53
-45.986,4.296,-160,-46.071
39.837,469,43.233,-11.232
-51,-471,98.6,-82
10,236,16.742,-18.177
-71.063,-277,87.406,-63.988
-167,-120,87.5,106
-43.74,115,8.032,-54.907
86.52,15.088,-69,67.249
282,349,-92,55.459
-438,-34,-22.427,348
-113,-49.989,70.427,438
-66.437,-433,5.671,70.509
36.04,383,-20.609,-78.34
205,179,52.56,336
-76,81.261,-426,-70
-45.413,71.899,-177,125
67.561,228,20.991,-327
404,351,124,-311
-41.595,482,-274,26
98.575,55.346,-343,-79.786
-39.295,493,11.435,-15.471
97.371,93.443,190,-57.953
42.71,89,434,-92.054
93.184,17.277,-113,-43.776
68.298,-11,-142,44.121
300,179,68.984,-20.39
116,-38.873,-168,22.531
-270,-384,251,45.926
427,164,40,-463
-40.371,-327,33.187,227
18,-162,8.527,133
16,-137,-140,16.186
-7.903,16.304,68,-19.576
74.488,47.024,186,385
83,98.516,-81.889,82.061
469,488,345,-6
297,395,49.666,230
36.4,92.07,-295,73.374
-124,43.176,22.195,-58.846
-467,-358,-485,-73.142
179,-276,-6.824,3.942
-72.353,373,472,94.692
80.116,88.973,70.588,-91.388
-31.208,-164,-44.697,43.229
62,-269,59,192
-240,-478,-423,5.939
-372,2.185,199,-380
164,-9,96.359,325
-86.059,266,-66,-10
-33.937,-76,-41.508,-192
-343,109,257,-177
252,-79.628,170,1
-302,45.168,288,-413
-471,-26.198,22.184,166
-91.699,72.857,427,36.806
192,-80.42,15.625,484
-246,162,80.437,320
182,326,285,-392
73.034,-450,244,53.894
236,-47.789,-29.238,272
62.941,69.302,-68.842,-474
36.474,-89.527,-13.587,49.647
89.904,-106,50,-152
-26.458,90,52.507,423
-84.7,362,482,263
-225,118,75.329,-206
83.282,-15.639,2.126,87
85,-381,93,394
150,9.65,-36.65,93.819
-450,-32.416,319,-80.29
-0.124,-477,2.631,-416
59.733,-137,83.658,-476
356,494,-51.142,164
138,-245,17.182,-18.121
-13.835,153,16,-366
15.135,-213,1.045,-3.973
-104,-221,-280,-6.303
396,-88,76.755,458
-256,189,-71.355,-63
-473,70.913,-417,-4.858
-396,-27.961,-59.532,-392
395,-51,-0.938,-27.009
-1,54.871,12.487,-320
-222,461,167,218
-300,-200,-205,-234
74.745,-321,-35,-7.366
329,-30.707,88,-84.208
89.425,-99,443,-45.931
430,85,65.862,335
-43.234,-247,-30.332,353
-217,-310,363,10.498
32.425,-260,6.232,-270
-64,306,122,-200
-20.691,-77.378,367,-13.244
-43.738,-77,114,294
202,-286,2.604,261
-376,-13,-294,64
257,-185,129,-321
-239,74.829,96.643,94.114
201,-31.611,73.144,-79.463
-132,50,62.406,480
84.1,-15,113,-2.168
166,17,-79,-34.399
73.831,-396,-88,-88.798
485,461,291,-110
76.011,-54.221,15.547,8.81
194,-219,62,-75.333
-314,-245,65,45.776
337,322,-234,37.234
-50.344,-17.968,-32.2,377
-39.489,463,-21.939,11
88.505,327,410,-429
197,57.137,6.269,380
-60,323,59.753,185
-5.351,373,17.48,-60.844
87.006,281,36.458,51.28
-44,-76,427,486
-381,-167,237,37.487
362,281,73.583,65
487,455,89.034,0.367
-26,44.869,67.858,93.207
66.676,-85.802,285,2
36.223,-96.969,-43,-274
419,-17.081,-306,-347
4,-419,-475,64.539
32.393,27,-375,-25.661
-434,-4,493,259
-312,-86,-374,281
369,254,428,78
-151,168,-84.639,32.565
-84.628,152,-26.351,72.941
31,-365,-469,-305
310,-124,-78.224,-16
18,-58.221,-65.079,-496
-338,-284,-6.584,-96.198
-199,21.914,-23.596,329
59.299,480,85,433
40.336,5.672,19.831,-32.33
-32.535,185,278,33.531
-87,68.468,127,20
-75.224,-54,-144,77
-167,314,13,-46
296,63.744,258,-342
437,465,58.262,48.976
-211,495,56.551,-57.505
-68.37,-37.407,293,445
32.325,48.931,321,61.261
74.507,57,75.285,430
40,389,20.693,294
51.187,25.024,-369,69.38
-104,154,-295,67.817
-346,94.766,-163,36.401
-401,39.439,274,22.977
-212,82,-249,353
67.628,-0.833,73.99,83.94
-159,45.817,45,366
-76.795,30.657,65,-72.966
-74.495,252,-3.428,-440
-388,-399,-137,-91.947
67.762,-15.656,290,-81.509
-49.081,-19.439,40.216,-433
87.365,-13.917,-337,-364
173,243,-201,-39.034
69.02,-329,57.841,-33.022
191,-58.081,-50.093,77.551
-211,-395,412,-46.419
-13.351,-93.936,-5.252,-50.452
185,187,-2.131,-39.057
-290,-83,-149,384
375,-82.426,81.697,73.679
-91.472,-136,-62.874,452
93.77,86.902,-310,-2.878
44,-7.105,14.582,135
45.541,-66.218,-481,55
35.031,-377,-6.151,-95
439,-420,105,19.623
-316,24.909,-181,362
-324,-251,18.151,-173
500,418,-83.482,-6.721
38.759,86.763,-83.901,46.705
451,392,-59.619,43
288,332,-43.775,46
39.567,-68,-72.037,-70.402
477,-487,-347,322
-69.566,-241,-476,264
-201,26.631,-153,14.228
65.509,75.336,-87.448,-354
-438,140,-55.343,-380
237,-268,63.018,-32.54
-47,-206,-52.684,12.6
-135,-404,-53.736,-21
-81.921,372,-419,-324
56.989,80.093,-394,249
-114,-69,-428,-58
70.155,-470,-417,3.01
-73.335,446,135,-60.896
-481,-54.461,-477,-383
-362,-325,-242,-127
134,-49,-28.949,47
18.437,281,341,-51.866
-86,42.2,-329,-70.892
71.061,-170,180,-77.796
472,86.341,63,-82.19
-18.081,319,403,25.631
-180,321,68.12,94
-10.175,-105,-85.075,-445
-269,-31,-36.045,-92.08
-71.037,-327,-76.634,47
-57.386,-237,17.482,5.73
-38,1.345,202,77.558
-494,-188,-128,422
-439,-234,-31.839,-32
283,9.94,29.485,-4.684
45.429,-61.825,-19.908,475
-379,295,-61.626,83.171
-31,1,64.309,17.105
5.467,-495,-401,439
-14.736,-18.012,-398,-474
-269,4.01,17.835,-423
163,-53,223,303
68.257,-69.162,81,36.932
111,-47.134,483,29.345
-427,-485,-35.538,-66
274,-484,115,-59.334
28.469,-8.826,296,79.426
58,354,316,-18.98
82.24,326,452,-138
14.662,28,-431,-63.588
486,-171,30.463,-57
-205,270,75,-235
21.67,-8.088,-197,19.794
37.522,386,423,21.539
10.296,438,175,94.02
34.214,-470,101,409
24.977,458,-39.817,-122
135,-183,82.996,-162
-499,-65.009,-324,43
-434,-317,-25.988,-99.253
37.788,164,31.99,-254
12.297,-105,-11.185,339
-432,71.82,-58.828,-486
-394,-42.66,-362,-117
-207,56.118,400,76.86
449,21.187,423,-343
458,365,-52.42,233
165,-89,-64.793,210
-77.911,-255,85.78,-353
87.068,-283,-359,68.931
-63.899,-270,-268,12.703
-64.718,112,324,330
286,87.557,24.058,-241
192,82,-130,-47.863
-19.524,2.724,201,7.03
366,215,-1.129,-169
11.843,-45.417,-12,-79.841
36.72,-79,15.6,-41.698
95,-127,-110,-222
-234,102,71.237,-28.615
-370,65,-318,-434
461,468,60.876,-448
-88.851,-19.074,240,61.549
-10.292,405,280,-61.796
56.727,451,-137,70
-221,-281,139,-181
39.159,7.749,28.493,389
72,-217,-88.782,-24.702
-85,-331,53.095,178
214,-80.223,29.462,159
52.465,-83,-220,497
-438,-387,7.363,12.311
-1.257,-76.438,20.137,-311
-122,-54,-389,77
-407,-405,-70.389,-32.158
-258,-56.883,99.51,-64.66
205,-95.631,312,8
-298,-2.633,-20.015,137
-266,-38.716,-53,-444
-4.128,144,-431,-50.147
372,154,63.587,44.575
-221,-110,-93.318,181
-480,97.403,65.424,118
-424,18,36.082,-41.476
-138,-21.15,-57.167,-95.38
-51,-392,-377,370
-485,-73,425,13.067
34.829,500,242,432
-9.37,-188,-274,-242
345,-225,-396,-92.022
319,-57,-141,-362
443,-166,-45.361,221
-227,21.964,-70.876,-7
75.471,-46.793,282,-3.027
33,-9.05,45,-14.831
47.952,321,-368,-0.436
351,83,-21.349,170
-27.301,77,-234,-265
-229,-10.469,372,261
425,-352,-203,354
-43.653,-255,-326,-62.07
43.074,355,-55.74,-105
-420,125,-101,-80
57,82.112,-149,326
-10.312,-67.102,19.474,-74.551
444,75,124,223
-424,247,94,79.918
-184,-62.465,-394,-337
51.986,-355,44,77.942
-75.074,-282,13.018,-181
-34.942,109,57,25
-15.403,-317,-437,234
98.299,82,286,-160
-54.105,74.96,294,7.654
228,-196,21.029,-82.43
13.043,81,-38.998,-13
19.856,-410,272,50.179
-327,52.193,-326,-108
347,-143,18,41.87
-297,-139,402,6.146
-33,-91.46,-81.353,-57.311
304,-36.208,-129,11.106
12.604,490,-11,497
233,8,-73.469,412
21.882,24.407,-42.614,-56.779
-483,-280,-421,341
357,390,89,-66
116,-14.761,115,-406
-58.059,486,394,70.622
-63.346,91.12,112,268
86.301,35.908,-34.851,13.22
-51.184,9.394,6,-442
90.925,25.807,-258,-40.125
83,459,-7.875,7.159
14,-412,87.538,-410
28.406,296,38,-95.103
349,-7.554,-77.924,-98.343
330,-56.054,78.184,96.56
85,-186,87.245,-349
-62.784,-98,296,-73.336
-280,173,40.634,372
36,66.972,359,124
495,-1.493,-11,-26.282
-20.265,-43.325,-151,382
-403,-93,53,-10.204
-34.044,319,27.731,-428
-23,-306,448,4.098
-44.319,-379,-138,7.47
364,315,-150,-98.746
24.553,-38.642,293,-201
14,219,112,-2.503
-50,-499,82,-460
-294,-377,-383,-72.399
-391,434,-12.488,-99.993
78.393,-216,-325,269
-468,64.877,-71.894,-253
28.438,3.911,148,435
-260,129,-227,196
-244,367,-78.666,-339
70.972,-83.413,21.493,-0.193
-487,388,-192,-241
-70,42,76.661,182
172,-229,136,-245
-344,39.026,154,77.304
86.107,81.039,-181,-83.596
74.46,-71.234,-407,258
273,-70,430,174
-295,491,357,414
292,-6,128,-18.087
-49.772,68.646,-73.6,-42
-10.039,-86.087,52.096,-352
-18.847,-478,88.473,-343
23.894,359,51.052,54.6
35.879,-1.444,-36.961,-37.924
257,102,-104,447
-1,-76.421,86.299,13.676
-47.997,-29.467,-374,-90.05
325,187,271,-486
175,-309,-335,-13.59
79.693,384,119,-142
474,-490,93.43,-4.513
50,89.12,-74.836,42
-280,-154,54,-336
383,296,-90.802,70.24
478,294,-259,4.235
-284,-31.243,-85.419,99
289,-94.792,-52.013,143
-442,-462,43.686,-219
-385,201,-57.899,-33
-159,-31,11,-65.954
77.548,-76.155,86,325
85.161,23.64,361,27.001
-493,-473,89,-322
-150,-272,-22.216,66.138
-281,-318,-2.572,222
53,-411,-64.41,-177
-440,-239,74.183,381
-0.001,-451,-21,369
328,20.957,65.476,105
-3.137,-1.862,-292,441
0.169,50.96,-5.415,68.207
-229,-17,433,56.534
292,42.441,11,27.549
462,-1.459,-324,190
-332,221,-443,-67
136,-21.987,-234,38
-264,-314,193,46
-349,39.092,-136,-73.107
371,8,96.339,-71.201
452,-234,134,16
-33,159,92.669,-403
152,29.624,-336,-22.263
72.377,89.982,232,434
-22.934,226,56.56,-446
57.773,57.471,-95.011,195
-64,-90.69,-153,49
-180,-149,469,14.018
-87,392,490,75.327
-266,48.254,-406,474
-339,61,-193,-87
58.56,367,-62,-478
5.395,-483,-339,-388
-35.015,-434,-355,-84.833
102,-5.412,-66.83,16.458
-459,-11.362,89,-218
-482,-6.119,-120,-83.722
-86.594,-340,63.186,47.75
-172,-259,-362,278
408,158,-75.209,207
94.789,41.794,-179,-362
80.737,-201,-439,208
-136,-298,-473,398
-242,-51.257,87.637,482
56,-11.504,34.179,26.378
37.11,-70.028,-442,-134
12.636,340,-12.53,-413
-148,-400,-3,-35
-61,96,-41,-64.429
-18.861,6.804,67.612,3.366
-29.48,-364,92.491,38.64
-39.75,318,-27.452,-350
431,-241,4.231,-78.201
64.401,301,-472,115
-7.859,64,137,-137
60,-295,419,78.549
-70,79.599,-94,-418
358,-180,-195,-39
-67,0.038,26.941,400
331,500,35.186,-60.782
125,-456,68,-29.742
323,-28.724,-348,-496
-83.398,62.276,-85.369,40.836
-293,-404,78.571,-14
-446,25,337,-457
490,379,11,-60.495
-175,183,468,-359
434,161,20.537,95.204
-2.294,117,-376,190
362,-66.206,-79.6,455
-443,98.954,40.251,-126
-65.786,379,-323,99
352,-25.959,345,-33.333
-72,259,207,-344
-219,-51.581,297,-83.915
399,-195,-165,233
29.304,63.099,-383,-49.228
348,-90.083,-29.36,-100
32.446,-77.668,94.788,87.483
-98.063,-364,-11.099,-241
-5.828,-56.555,247,-420
-323,-96.468,-279,-248
59.763,-390,213,99.227
-123,-9.95,34.011,-72.16
464,139,-80,84.631
-402,497,-20.814,55
53.828,-79.016,-35.944,284
246,82.366,-88.22,-37.012
81,-368,-232,50.394
-456,278,26.522,-99.635
-67,-39.301,-245,68.322
197,67.101,-399,54
-48.096,363,81.902,165
6.23,20.318,21.239,190
-26.616,275,-330,19.756
81,241,-12.312,28
-268,-5.241,-99.646,-62.419
-49,0.197,-475,328
-31.906,-65,-383,75.78
-117,243,279,-392
-1.77,58.385,60,87.872
42,98,25,30.532
94.312,272,-0.326,-50.796
-384,230,-361,-101
-299,-223,7.386,80
-159,182,84,178
74.731,-59.45,-86.587,-9.926
-23.233,49.392,-62,-23.509
-129,50.59,-47.644,-80.497
-402,-193,-101,65.986
-93.63,92.233,53.942,332
220,314,-23,78.408
-458,259,166,-388
88.435,87.188,-94.546,18.793
-192,343,-343,-88.521
50,141,173,-428
-485,110,363,153
47.604,36.75,-26.934,48.672
1.966,47,-89.15,-241
366,-483,429,472
-203,352,145,-0.078
426,-71.604,-263,-80.99
202,-498,-97.008,329
-358,-179,24,-396
98,102,388,-474
2.593,15.598,-34,-29.085
88.04,4,-421,-477
-425,-310,-493,278
97,75.921,-33.216,153
-112,22.518,-49.605,107
-187,199,47.75,16
-12.929,-469,412,33.652
-47.564,-249,-69,-8.373
147,-37.406,28,34.436
-27.713,271,-19.87,169
-491,164,-200,-23
7.21,211,346,-289
-6,-94,-90,293
42,-61.91,-469,-498
441,7,-72,-203
-76.591,-62.754,0.265,137
-40.375,-60.665,4.953,-274
-420,17,483,-315
61.636,-220,75.838,49.021
-92.011,180,-88.633,-265
-478,-137,-88.399,-377
84,277,87.953,-344
450,-99.337,-428,-126
-94.123,422,-238,96.827
451,44.819,363,-5.545
-21.721,78.734,26,-431
277,-131,269,73.061
-8.577,-38.953,287,-388
-5,-20.991,175,127
378,-347,78.292,197
43.854,500,-274,-422
-89.02,61.113,-45.842,-78.437
27.612,237,-13.634,195
-56.359,-476,87.036,-457
-225,-5.889,-466,356
-390,408,-289,-125
-345,484,-201,152
-387,-71.186,-110,-124
-30.271,-254,90.354,351
146,-487,15,164
-58.941,-439,117,-98.09
54.684,-362,-196,365
56.691,256,-26.37,-307
-131,-375,172,-63.439
14.074,-40.825,192,264
456,-123,401,12.684
-69.428,-438,-48.567,68
-98.875,-288,-430,-205
-80.629,-122,-170,76.302
99.166,37.647,443,315
40.49,-409,77.166,-128
18.534,490,-214,33
-311,-41.075,92.581,78
-447,-75.149,-493,300
440,-31,492,64.755
-68.14,82.104,-479,395
222,50.738,471,-39.948
71.706,30,164,28.187
-175,21.055,431,72
-262,-4,-6.66,-351
-381,-75.858,-3.745,-202
46.25,-486,85.645,168
173,169,127,2.111
-274,2.636,388,-25.267
51,-87,-49.386,-45.772
-382,47.984,148,-132
-411,-96,-242,122
86,-93.238,13.756,-34.979
74.726,177,-23.729,-247
450,6.191,93.182,-134
-256,92,-59,58.699
-468,81.27,432,410
-120,387,-457,-279
422,23.168,-285,-1.341
461,-9.87,-150,202
-465,0,27.102,231
-6.114,-10.255,24.547,85.707
-183,-105,-333,43.436
11.783,-389,-63.285,-79.953
-81.231,-87.279,12.457,-394
-291,305,61.787,-70.081
-69.275,9,-96.512,-345
-87.761,-448,94.896,-144
-345,175,224,13.755
-250,-187,-227,-1
284,36,-52.038,178
-349,-29,0.353,188
47.382,337,-99.169,-388
86.076,109,-5.889,-11
-128,328,247,406
497,14.064,-60,78
281,-43.95,-1.025,377
-91,-153,-431,-256
-53.851,-85,-431,-202
439,-175,-76.777,189
-372,-26,81.618,48.189
-491,-255,39,157
121,-38.598,266,76.269
-498,31.854,96.384,147
-369,57.947,401,23.74
11.821,246,24.425,-76.22
293,-219,27,194
-354,192,93.353,-337
-3.586,-98,109,-382
-208,-228,-60.02,-37
182,-149,4.741,41.526
252,4.187,284,62.804
15,107,55.965,500
106,16.759,31,-158
-292,-399,283,-24
-15.183,353,80.017,194
53.579,-296,280,-22.089
-15.686,-46,-153,-210
285,-191,240,-100
-69.357,-33.357,56.064,-31.442
-46.769,-207,119,-45.838
-77.814,-122,-169,-236
237,81.117,-56,-347
-125,-394,443,233
78.006,36.347,-393,255
-54.69,-54,-41.875,-84.723
-104,89,9,-372
220,-87,-217,-34.576
-95,434,-66.599,-215
-342,301,-379,-55.182
44.181,-94.857,153,15.846
277,106,95,-42.057
-444,12,26,-348
369,-269,-134,-7.682
-22.238,-88,202,-59.75
-44,-26.98,56,-98.818
16,-44.957,24.861,29.15
-35.308,-91.458,425,-223
-104,231,418,-117
282,-444,-338,-45
-348,406,67.712,-48.181
-11.941,-53.194,-332,29.959
-44,82.702,-324,95.757
35,-205,-257,-61.439
70,18.24,9.273,-76.705
-14.045,-6.238,420,10
-85.306,96,76,25
-91.026,-16,-316,-207
11.649,-63.208,-178,102
13.538,487,39.72,-87.773
-12.324,-48.877,63.329,-53
435,11.338,-24.52,9
-99.218,259,-148,38.785
-494,-45.271,-413,-32.965
-66.574,240,291,-339
-102,-78,-27,102
432,-16,29,-98
-169,-42.835,79.828,290
-178,-403,-308,-131
-113,14,-246,-51
-5.074,24.43,-269,29.712
34.771,447,31,-421
-64.61,26,133,-11.335
-296,-39.976,20.51,-440
-58.019,175,77.337,-92.593
-2,97.011,67,39
-386,-103,-27.476,361
79.712,51.91,-35,-495
54,-174,-346,-198
58,-338,-3,-481
-21.164,-179,81.146,266
-114,246,-61.05,74.538
-60.514,-35.251,-237,116
-36.337,-359,34.392,56.366
-133,103,-18.071,-3.426
361,51.613,449,2.446
25.111,-87,-44.39,-411
89.638,29.882,-57,65.502
-352,-381,412,-96.577
291,-79.369,112,111
-12.531,0.183,145,-84.079
22.779,422,-10.589,-486
92,-67.185,-4.884,184
-80,-84.216,131,-86
335,200,43.341,24.671
-413,-40.122,39,-95.65
-252,-154,-18.554,-278
207,416,15.157,-93.907
-40,-74.685,-97.919,225
-50,-86.922,402,-187
-119,70,-142,-169
310,-57.503,-13.42,6
71.116,383,-37.945,-51.141
104,53.705,-384,-57.388
-407,11,-78.343,-113
11.908,161,195,94.225
-266,-156,191,93.277
402,77.515,-174,-184
69.999,-177,170,-107
-19,-95.868,33,-139
226,-53.23,-57.345,21.341
-15.945,-132,-204,104
15,72.001,321,-155
149,-467,-187,31.216
66.962,-206,-71,-145
-437,-43,99.736,65
-136,-181,-48.591,-174
-68.002,32.968,37.782,63
-26.892,88.844,476,430
-322,-80.929,-276,197
-8.377,250,-34,408
178,-125,-4.686,188
-2.438,329,439,0.712
-38.508,436,-465,-25.964
-13.917,-200,479,-31.283
14.356,-12.631,138,53.017
490,147,-46.262,117
-241,-21.975,-493,-72.345
401,80.122,79.047,226
32.859,-179,33.326,-62
48.445,239,464,16.91
-45.449,-381,-71,178
250,-130,59.222,-375
-280,165,28.733,-65.381
133,-44.934,-45.935,462
-35.072,272,468,129
27.84,50,244,66
-274,-492,130,50
226,-2.927,375,-63
49.421,-86.65,-197,-108
-30.866,-181,347,-368
-64.779,-19.098,-74.057,-83.105
-475,-14.332,39.168,-206
-175,-15.127,-75,-159
417,-145,58.654,-53.55
-474,31,73.999,-82.563
-101,45.713,486,470
-124,-47.964,59.396,-91.303
419,-55.505,-70.824,289
-31.228,-432,-248,-102
-320,-30.1,-280,34.554
15,85.666,-98.75,-435
-94.911,-60.037,-95.074,-340
-209,27.41,90,302
33.064,-85.372,-417,-49.396
-474,164,51.506,3.081
-71.942,-50,-14,-369
15.775,362,451,23.737
93.01,319,2,-73.428
-84,121,-408,-25.591
22.11,-446,-19.635,287
23,-95.408,80.036,-283
71.919,-82.481,364,-64.761
88.722,159,416,-52.668
307,25.393,460,-70
-70.776,-33.344,-74,126
42.385,-214,318,80.546
-371,31.393,-80,-55.966
17.726,-236,-444,-72
-39,-53.642,-21.696,86.598
58.079,-53.179,62.439,85.849
-354,434,-132,93.706
265,-341,122,202
-57.575,29.994,217,-431
-71,108,-74.985,94.751
463,-91.67,-9.788,56.113
54.964,58.672,-227,-266
320,-14.679,-362,-77.846
60.317,150,74.315,-399
64.063,-61.171,-102,47.383
-60.122,70,-75.036,-43.823
-197,-391,-423,-60.259
96.964,-391,39,94.938
225,-47,-9.936,131
-292,-189,-461,-34.694
333,-100,-162,-23.719
-40.815,-290,-142,464
389,-48.374,253,-76.383
-7,94.442,-116,388
-131,29,-424,-364
-157,-116,-8.839,-263
6.491,79.424,-57.608,378
357,88.579,-338,478
31.651,209,-425,-322
-83.823,-69,58.855,-73.28
307,-178,-485,15.988
-164,-472,-195,-7.191
170,97,-91.86,-365
-66,-446,39.96,-45
-38.723,434,65.996,256
43.922,-214,18,-17.424
-217,360,0.383,48.947
44.625,103,307,457
75.138,-52.457,84.935,283
-464,441,5.482,59.737
-326,205,-8.931,86
-58,60.833,1.671,53.304
-1.321,79,87.792,-68.297
-78.119,237,-14.811,-393
95,-60.021,-417,-83.949
-53,-496,-180,21.602
-329,41,27.173,-479
307,478,240,-189
-225,-267,88.02,95.749
188,76.34,-34.324,-61
-468,-77.786,-81,118
126,-308,314,-210
403,-494,-55,-365
-381,-14.221,-229,68.346
-176,-125,35.309,-13.861
-267,-202,-88.857,-49.359
50.08,4,-97.9,73.115
44,-30.998,-7.253,-429
-70.223,-3.844,408,-6.727
253,-27.298,-243,-92.163
64.585,66.471,-80.902,-55.244
-75,10,48.882,-59
365,208,-83.728,-35
77.039,375,-55,48
392,197,20,-13.301
147,93,-435,-14
70.156,-60.954,-392,-81.58
-43.493,278,-229,-132
63.591,-139,335,240
-455,485,425,-51.167
-289,-319,51,435
-206,-118,57.336,-304
92.267,0.188,173,-37.983
-469,24.845,136,-81.372
475,42,-79.937,-20.637
21.982,168,291,446
-366,-14,-240,374
6.553,18.115,-36.18,-106
402,-170,-45.413,-62
-254,6.383,-404,40.124
45.699,-452,470,353
51,-215,183,-317
186,-240,340,131
-312,8.789,-275,361
-68,295,-388,66.728
-6.199,92.506,-54.306,451
-463,20.729,-432,9.897
22,83.032,309,-96
-15.175,52.743,252,-117
-43.187,-366,-164,15.56
-73.963,59.967,-32.337,59.062
14.54,-6,-339,78.431
-51,-111,-202,43.559
2.663,235,6,-25
-270,-91.055,-107,-20.89
418,345,-422,-8.122
-144,-134,206,-79
150,38,281,-72.507
7.871,68.788,-70.696,63.521
223,-202,72.313,-268
-34,274,41.04,-158
-470,70.409,-44,264
370,53.651,43.198,492
300,-3.664,-21,-270
-21.58,355,306,-76.095
-30.56,170,34,478
-351,88,-180,-441
171,-457,83.643,-29.398
384,-119,64.383,-2.595
-377,-116,209,-439
-37.828,230,327,429
42,170,-1,26.158
-425,487,488,295
-98.461,327,24.529,-54.575
-4.416,54,-480,-32.809
-84.023,12,-209,77.854
-166,-221,-90,-45.717
-104,17,-6.533,-94.617
-424,-285,0.01,73.818
-328,-293,3.92,202
-1.156,-77,-71,-239
-35.995,-132,159,-24.295
-247,103,495,-46
-49,77.267,-94.538,1.858
78,47.809,-461,-42
63.227,75.556,-318,410
153,-89.469,21,448
484,57.512,89.922,-168
45.075,-76.31,71.495,398
401,-277,211,-352
-130,111,-88.357,27.364
-121,29.66,-335,448
4.107,-166,-90.937,-56.158
280,352,-3,60.916
-175,-93.028,-160,315
86.335,-15.146,-61,-200
85,78.703,-283,44.006
97.128,-333,4.999,-126
-334,-10,-69.606,198
32,1.591,60.188,64.151
-79.62,-50.083,-419,6.688
412,200,-78.71,395
366,251,-56.44,-87.272
11,-171,-23.809,80
45.582,-457,15.484,398
273,-14,-50,-315
145,60,-499,80.149
433,-31.244,42.248,-480
375,52.428,66.858,95.094
-85,-457,-189,296
72.186,-60.272,62.689,77.57
-253,166,-42.645,-14.018
356,330,-46.388,69.36
151,-488,53.514,-93.156
294,107,-240,-76
-258,-103,39.064,23.142
98,286,6.728,-13.078
3.87,-51,-69.808,-453
490,-84.163,165,392
478,-138,-179,-85
40.441,-84.055,38.4,-219
44.014,68.82,82,-465
399,-98.08,-50.459,-247
-54,-37.065,185,492
42.302,-444,37.405,167
-496,167,-267,64.684
-36.113,-340,291,447
-497,-11.208,-219,86.482
-1.359,41,431,370
488,-234,50.85,90.21
-64.825,-383,379,-47
164,3,96.17,-463
24.624,-417,238,-8.706
-442,-189,66,-216
-394,-291,-11.448,403
-105,-307,19.693,-30.483
91.959,224,0.148,238
103,302,26,42.294
-30.979,-91,-140,31.745
133,-29.277,-407,75.017
-456,-7.356,124,-138
413,383,98.992,-239
398,-74,1.109,134
-41.76,-6.659,-23.535,-10.144
-44.303,-360,30.124,-131
198,68.209,345,497
431,35.574,250,427
64.283,370,-20.789,-381
405,341,-2.494,-234
-313,49.334,418,284
-18.675,77.42,-208,-90.675
465,372,-10,-492
-321,-52.978,-454,-76
-50.994,35,18.497,-106
360,64.44,-56,80
236,87.356,-41.096,-100
484,166,-58.587,51.734
-222,-216,13.062,-270
-56.655,-464,10.213,18.618
-186,-65.026,-47,-94.559
14.772,-77.232,425,106
-101,267,-30,74.493
-356,81.556,-20.927,283
-137,93,27.592,-79.964
-89.076,193,17,-23.952
-84.632,-315,-463,37.569
-251,-151,421,8.426
-17.637,-92.118,478,-77.288
89.826,-158,-91.798,-109
-285,-278,35.287,95.746
-72.597,-111,13.997,-74.541
259,-332,-250,6.963
-103,-5.207,63.921,88.036
75.524,-10.143,-85.453,200
397,-55.214,-453,77.478
48.952,78,-172,-234
-58.387,43,134,193
-154,-363,-69.21,-60.134
-41.465,-30.313,25.301,-80.455
-193,0.991,365,-310
-265,-43.778,-94.163,20
-29,-89.825,-340,102
-70.705,-165,-94.962,-377
-140,270,-401,15.118
-96.728,385,-415,156
-61.105,149,1.836,79.094
84.708,-26.279,-53.425,49.323
14.161,-344,97,177
-471,-31.936,179,-65.82
264,-53.131,-379,7.588
81.648,234,304,-371
-275,78.739,-487,49.819
-238,96,16.682,-93.933
7.977,-499,-411,-99.422
51,-274,-313,-35.032
448,77.855,-92,-164
-134,-360,324,37.495
467,-73.479,24.921,30.044
1.727,-488,-24.501,8.067
-97.155,49.449,201,45
-195,94.589,221,-449
200,-36.295,154,-421
36,-41.774,-328,-220
93.594,273,-156,18
-98,-494,-18.838,-94
-326,-68.985,478,-432
-34.503,-0.034,-286,-265
-26.928,-257,147,53.611
-51.424,-413,-84.118,-416
-311,-33.967,-63,76.006
372,-173,443,-61.692
-101,-146,399,-490
287,-75,-78.463,-89.746
-410,-477,45,321
80,291,-45.935,86.311
-326,-40.654,431,104
460,93.879,-192,-73
230,-31.883,-50.63,10.627
57.292,-480,50.715,-244
343,334,-165,-454
-50.086,-73.01,459,-170
-68.157,-497,-304,428
55.861,-14.165,-15.177,82.285
-150,-255,26,-307
-192,299,30.976,-48.68
-332,93.237,-440,32.428
-360,-239,-429,-101
335,60.731,395,-111
-34.907,37.366,-206,99.461
-23.018,140,-263,-500
-268,299,58,-402
-445,37,70.757,-71.64
74.622,102,-71.529,-48.333
26.439,-178,-3,97
84.502,190,10.957,450
-66.495,382,-388,-34.545
439,53,-34.128,-213
261,99.059,286,406
-64.928,60,-0.708,-441
129,0.127,-7.016,29.719
388,-71,-8,-392
224,25.004,309,-219
-315,44.706,-19,-274
32.135,-68.124,215,5.523
42.372,-88.248,60.284,67.2
430,0.815,-405,-219
-315,-96.435,136,-285
235,21.703,-163,-273
-92,-5.882,-498,98.713
258,-31.964,27.245,78.979
-25.379,-39.424,293,160
77.561,36,75,-488
-474,50.943,85.139,355
62.918,7,141,-353
58.052,286,-164,37.341
64,-307,49.408,-214
-493,-70.326,38.989,56.83
78.427,-11.205,45.314,20.354
50.303,-138,165,-97.201
-35,-132,458,-30
-453,409,192,-348
-40.263,-102,69.864,-35.356
-43.515,-74.806,-76.46,76.588
2.226,-355,-20.16,77.13
-261,194,1.642,20.445
342,137,35.553,397
88.725,53.191,178,-384
-71.836,-56,473,68.344
-38.649,89.403,-82.578,4.931
14.519,50.235,3.753,14.316
137,-30,-146,331
-7.85,47.424,-439,63.74
-73.039,-91.194,-285,-37.853
-103,-69,-47,-13
-39.965,-363,97,463
-41.271,12,345,23.608
-417,362,-97.412,32.694
-437,83.057,-111,300
-78.902,-30.863,-216,-56.497
-103,371,-87.306,23.446
47.916,-222,-12.592,66.875
-48.204,-23.044,-33.832,160
35.374,311,-39.791,-246
-195,46.6,84.414,266
-100,344,83.18,75
46.151,408,34,-354
-39.291,436,404,211
20,65.565,332,33.896
97.337,-190,-244,342
-135,-110,227,349
182,-74.397,22.166,-75
48.235,230,29,-5.54
-494,-51.833,94,40
79.891,459,93.244,-417
-281,16.277,-107,-112
-59.21,52.806,41.64,-75
-21,-201,84.853,44.58
-244,-81,395,80.148
70.672,279,51.333,444
-16,-7.834,-49.964,440
-45.191,41.218,-81.473,-139
26,-6,-415,-232
-142,-148,-61.163,194
-485,47.222,242,-35
327,470,-87,-29
-219,-138,68.954,-193
-33.101,71.926,65.24,-6.821
348,-431,-289,-366
-13.704,34,-3,-163
415,83.427,-474,-19.793
13.207,403,-292,-56.809
20.647,-8,-317,-260
-94,-430,40.652,-337
-256,-337,-15.286,22
-47.862,-478,-134,280
324,-369,-28,87.317
-58.217,-143,230,-36.525
164,31.283,-55.672,-67.359
16.321,-93.646,-209,-85.869
116,150,-403,-493
484,-66.263,45.024,-465
-59.239,190,-462,288
-202,68.103,-23.12,-68.216
95.077,31.459,-443,15.046
70.497,28,-302,174
-112,54.643,172,375
64.996,-238,332,112
-93.698,244,-61.812,464
56,26.041,372,15
23.641,59.782,-80.53,-36.876
47.475,44.83,-182,-372
224,-99.453,329,-10.851
-18,24.936,-65.63,76.695
-17.187,148,327,84.281
461,48.322,-21.416,-92.658
-484,-50.422,58.716,-390
363,90.792,118,-1.114
440,-95.628,-61.885,-49.003
145,96,494,13.152
359,365,421,-386
-14.603,10.324,13.776,64.021
206,-295,158,-54
-94.689,8.698,496,-138
-55.608,25.363,-278,-129
83.878,-67.725,149,-2
90.996,-87,-201,-58.132
-91.887,38,41.378,70.73
-48.502,-88.887,32.48,325
37.773,-363,-346,0.25
69.153,-94.378,325,-78.633
225,146,-2.289,329
311,258,359,-43.384
-44,368,21.504,-218
165,62,-86.338,-312
-64.065,362,6,-34
30.44,180,54.633,236
57,-361,-373,-353
-275,14.918,-436,156
-24.587,-203,7,-47.63
93.602,348,-74.877,-263
-102,-81.924,79.477,-85.175
274,-27.305,75.612,181
37.738,43.371,-321,-250
9.975,-363,-44,19.328
41.543,65.741,247,85.41
-446,85,422,43.001
298,-95.926,-76.673,-193
-450,124,73.858,-332
-227,-54.736,-51.569,20.132
5.808,123,241,493
224,339,134,-269
-13.344,-47,331,-21.983
13.128,-266,-148,-159
-86,54,280,-292
-276,-354,46.858,-248
-95.425,461,422,98
146,48,-447,-71
88.788,-97.813,-121,1.322
140,462,111,-4.284
-46.853,63.11,248,167
54,93.831,-66.002,15.83
-53.928,150,-104,229
191,-68,-497,-440
-162,52.86,214,39.197
-18.757,-10.086,-434,-26
351,426,346,-87.685
-87.094,398,94.789,74
384,427,-84.709,220
-174,-84.842,-85.933,161
-84.25,-24.02,25,-450
102,-127,-95.041,-2.508
20,-98,294,-199
65.077,214,-2.237,-231
285,-309,31,264
324,356,56.979,-199
4,434,-80.145,-240
-86,339,-22.668,395
-5.006,30.018,41.264,-327
-313,-67,-41,-100
298,-250,79.892,137
24,-165,367,-38.179
13,22.572,45.579,90
327,-477,-46,-132
154,-396,12,15.901
-111,16.175,-322,-51.748
-481,12,32,22
-75.977,-67.773,79.414,26.582
-207,-41.411,347,-311
115,-94.679,119,77.862
-294,78.05,73.332,-452
-97.491,-95,-39,-241
-20.087,122,-12.283,102
64.269,5.882,-73.236,81.243
482,18,-97,79
240,195,-223,46
282,-97.015,38.859,-395
-21.336,-29.241,80.186,-461
-204,422,-287,-185
9.993,-50.087,365,-240
-62.985,33.864,10.241,-270
-454,-229,97.797,336
-5.941,-117,-59,55.268
213,-33.573,191,-102
-5,-22.682,88.111,16.99
-95.992,-91.635,-96.474,420
-74.7,-18.682,-8.671,-309
-259,307,35.711,327
56.499,59.325,-74.747,-13
295,-141,-84,95.302
27.482,395,-32.699,310
-155,-68,260,206
3.651,-313,463,-361
29.613,-381,-145,74.536
50.645,44,434,-83.612
-73.73,71.792,45,-84.259
56.302,201,-59,188
-88,-82,-56.438,-112
-211,-31.607,65.159,346
19.536,-26.227,-172,484
-452,50.929,92.601,-229
-68.381,178,36.247,127
-223,-58.213,-398,243
320,-269,-468,-419
4,-192,40,24
-57,340,-135,-76
-38,-40,39,117
60.012,498,-18,-413
99.204,-434,320,-72
242,-35.658,51.737,341
173,-359,12,-49
97.814,23.963,54,-347
28,-296,80.87,97.886
10.464,43.458,204,12.699
326,-56,-205,14
56,283,72.883,-403
77.028,-53.645,-183,325
-94.901,23,45,90.57
-436,-422,432,89.727
-382,91,287,6.342
-27.289,28.113,123,-279
3.383,-5,9.424,137
-24.852,-1.359,-48.348,467
-334,292,3.005,14.786
-284,-53,26,-169
-204,-19.262,-374,347
135,83.049,90.043,-36.596
-3,118,430,-210
116,6.673,-54.69,156
-77.543,-3.718,-32.796,-315
-13.494,-31.16,-185,-1
-406,-358,-402,4.96
47.735,-62.833,50.901,-437
5.135,-85.566,-36.606,58
-41.648,-43.511,-22.972,-85.468
-129,60.83,-119,69.003
374,98.938,-147,-57.043
-56,-48.953,66.975,47.015
84.883,2.103,195,483
220,-26.291,18.347,-228
-439,-326,-19.95,-110
-355,-39.062,96.146,484
-215,-217,-405,23
416,15,-259,68
356,13.294,-53.878,-122
-496,263,203,-391
-31.268,-50,-397,-448
-17.855,56,-29,350
-438,-53.212,-212,-79.358
288,235,53,98.729
320,-69.812,-55.396,18
35.791,-19.725,-168,-369
243,-192,37.586,-55
-114,171,-48,33.121
-27.182,-79.559,-8.512,421
66,-19.853,353,87.865
167,92.961,141,-54.328
77,220,14.192,391
-91.138,439,98.029,-492
-17.739,-97.222,-408,-305
-66.181,-8.032,-100,440
11.063,19,480,-34
-273,-415,446,-9.227
-58,124,-121,16.238
-57.604,-9,-204,-407
-32,-316,-5,236
377,-204,16.473,-66.342
-306,17,335,50.324
98.133,373,-85,479
-33,16.279,-308,-395
-26.759,226,115,41.064
11.232,-41.367,15.154,478
-11,9,497,-36.957
19.118,-78.829,6.38,419
90.014,233,-22,96
28.797,331,339,7.173
-441,69.42,14.749,-93.435
-23.443,-373,-83.839,-68.659
326,-328,-21.619,-73.696
-88.8,467,-20.335,-33.694
-72.936,86,12.36,29.12
-14.747,-88.966,31.777,-376
-241,-2.492,-337,-14
426,-81,24.512,-96.384
1.02,14.461,-224,44.487
48.838,-390,147,-474
434,-83.006,-476,-28.982
-54.437,53.59,0,110
57,49.875,466,-3.672
-138,-42,-48.722,-105
48,-53.131,-328,91.955
-228,469,-94.097,4.037
455,458,-74.624,164
69.135,11.127,-256,-252
-94,-25.703,173,329
-100,96.119,-38.183,-372
-306,91,-68.391,-3
-97,-312,-299,36
317,48.685,-167,270
216,67,-81.298,475
66.188,495,-355,60.608
-433,136,475,451
-29.853,-442,-91.951,-336
-8.374,-61.42,-435,-177
-39.003,284,3.153,-54.063
-31,460,-73.879,-481
209,342,-55.854,289
-4.74,-73.106,-27,-357
229,-431,91.509,7
392,185,316,-68.779
-109,-107,47.437,-39.726
59.694,-416,-62.439,-189
-120,-25,352,-151
271,-64,-470,-460
-42.095,211,68.081,-310
-185,-14.928,-107,-98.27
-3.878,-73.031,-63.473,-18.502
403,53.854,490,-92.766
-66.578,-17.214,-136,-25.963
76,103,73.119,20.285
484,219,51.668,56.331
-10.781,8.877,-446,-70.91
-92.132,26.163,357,-39
-68.935,-26.925,-110,146
-67,256,-82.534,24
-146,209,78.319,57.015
-96.114,63.21,274,-80.108
365,84.009,78.504,245
82.21,-433,420,-83.919
-317,42.753,-230,9
-58,484,73.785,-217
-120,-103,-101,-2.604
-56.273,-31.325,-446,24
-21,239,132,-311
-63.688,-50,430,-249
-31.846,18.921,29.817,-216
171,-179,-3.487,346
-57.626,-71,21.382,96.014
480,95.124,114,332
-52,-51.239,48.267,11.377
-52.223,9.952,74.385,6.845
-230,271,-89.047,78.02
-89.596,59.882,-403,-24
-95,322,-0.685,52
43.439,27,-72,198
420,104,71.801,30.636
-107,-494,-366,-160
-24.396,-19.22,43.644,287
38,367,-91.238,-40
69.455,-13,82,-24
435,-31.92,111,-147
-97.434,472,360,-319
279,474,-368,356
16.676,51.686,-29.908,42.746
98,412,-414,15.008
-16.294,463,26,78
443,-153,195,34
-27,12.177,-9.742,-44
-343,-5.963,-245,-27
26,-0.074,-403,99.424
306,368,-168,-82.143
166,63.469,-66,-24
-77,-78.965,286,-212
-291,242,50.85,19
-79,293,-68.36,-371
51,356,152,245
38.764,-37.52,-476,-416
10.197,-322,-455,86.396
30,-247,22.64,-461
-494,462,-39,481
-10.609,-20,120,216
-283,-96,-155,-104
302,-457,-27.933,68.43
-78.799,-40.239,-472,189
57.254,44.805,-17,8.846
17.517,460,-88.69,69.411
-23.916,169,-407,432
203,-55,91.462,-60.702
441,-68.546,36.507,79.369
37,172,-244,313
34.378,57.331,90,55.301
90.036,-27,-380,427
-7,-406,-35,12.058
454,219,36.313,-25.38
-330,344,106,-329
36.967,37.659,204,62
150,87.358,-6.2,21.388
324,28.201,208,38.283
-443,266,-6.349,-376
-346,-31.157,-479,62.79
-45,-47.023,60.072,-75
-325,130,75.881,260
247,57.12,5.767,-309
-263,-363,94.447,477
7.653,325,348,-83.141
-249,97.432,-337,-3.07
-230,-469,15.615,164
77.872,-49.939,201,-265
-215,-184,386,-475
-440,-318,110,-123
166,357,-32.881,-161
-497,-35.69,89.382,-39.95
-464,267,8.812,-317
-67.397,409,-426,-32
434,434,-1.399,477
62.766,-64.831,-228,-17.32
14.428,-23,-62.421,-329
65.915,-84.911,-308,474
-269,-12.273,11.667,320
-20.171,203,60.858,-186
160,-76.292,85.134,-466
75.586,-435,-359,-53
91.021,-9.839,-39.449,-480
-91.806,26.75,-79,-174
351,-34.29,71.291,193
-319,369,-183,34.327
315,-374,82.858,470
-11.612,369,369,-53.56
-135,-328,-219,10
-41.706,-8.441,-432,-93.189
17.359,101,-92.705,-371
-169,385,-109,-450
-41.922,-189,66.179,212
35,408,472,404
389,116,-93,-0.442
-4,447,120,-1.749
-431,-45.887,-248,-5.037
-121,227,19,-129
119,-27.503,-51.146,-60.07
-25.084,-220,-170,271
15.917,-196,3.983,95.913
7.329,-48,-54,63.586
-51.9,-99.829,70.82,-221
-13.423,89,323,-27.637
54.36,444,35.289,-3.11
66.241,-330,-39.856,34.377
33.036,11,292,-119
360,446,89,15.509
384,32.662,282,45.457
337,-41.046,25,85.21
-222,365,-27.94,-128
-74,12.623,-142,4.782
-36.945,23.106,-449,68.349
435,52,442,-215
42.141,305,435,37.357
82.309,466,-49.99,453
59,37.243,73,-80.563
41,1,19.028,-493
43.186,-475,-52.028,-98.319
76.63,-129,-305,143
23,-442,350,10.248
33,205,259,353
-480,348,-179,-295
76,-150,46.086,27
-21.438,18.816,-134,-51.575
-47.922,48,-141,114
-18,-3.206,-19.52,-169
-55.959,-55.409,23.59,-88.322
75.616,32.398,493,-215
255,15.112,-15.042,-52.067
-169,214,-14.947,-74.365
82.562,10.257,-487,-316
132,99.582,-21.825,247
14.49,65.037,-22.881,7.455
21.194,14,400,-279
10.639,-150,71.043,-420
-55.17,19.592,407,45
-32.022,-32.262,477,91.362
283,-428,-218,296
115,-66.097,-47.156,368
53.143,408,245,-5.112
39.787,-2.924,-51.254,466
210,225,-63.867,162
-99.772,77.833,277,-448
228,-99.81,94,387
59,-31.993,-206,-73.942
458,96,-60.435,-407
-99.769,-27.12,-368,-49.137
245,163,343,387
42.943,267,-0.867,-286
35,83.78,-12.395,-28
35,53.241,88,3.182
-269,287,91,46
-51,12.836,11,-109
44.508,-477,-98.074,-75
-275,53.136,116,-376
406,-12.339,0.182,-38.608
335,373,91.088,-287
31,-393,80.625,-33.106
-274,-405,-314,42.174
-27.643,-120,369,-477
136,0.076,202,-365
378,-223,-90.054,487
-423,359,476,487
-405,-473,306,-227
45.934,102,93,186
39.245,78.027,-19.299,-12.799
89.695,-18.944,492,-38.883
53,-366,-393,-245
127,10.455,-292,-28.141
-121,448,-352,69.941
66.821,-92.855,97.446,452
-479,-11,-165,-62.531
-0.7,-64.453,21,416
294,-4.165,227,37
-20,3,395,25
430,-93.436,306,59.256
302,-11,31,31
84.068,0.43,-415,25.09
-7,295,-248,-300
7.56,441,-60,-13.329
497,-39.478,-57.168,14.515
-316,-0.011,-76.793,428
-356,2.044,131,321
-0.054,-458,-80.843,1.786
-113,454,-477,252
-45.385,77.74,62.434,238
-7.772,170,75.125,-6.387
420,-1,253,99.356
-395,1.762,-102,-295
-273,-341,36.59,-28.592
-91.733,245,318,-432
70.836,9,357,-2.259
-188,227,272,209
121,264,10.638,25.519
52,96.575,284,-452
-235,3.797,-23,9.493
-89,-197,-496,332
40.196,-37.118,-366,130
141,-304,-484,461
-315,34.97,26.437,140
117,-404,25.931,42.48
-366,-220,130,-150
-236,-140,-23.538,32.858
29.747,-276,-14.414,-304
-30.226,-200,299,64.414
-411,19.305,216,-147
-161,-59.189,466,-30.269
74.857,343,-79.191,-433
190,-347,36.705,434
-65.195,-72.714,-403,-13.146
-1.117,-50,-99.62,95.567
-43.787,-55,46.227,76.249
40,-209,-2.067,31.145
-174,291,63.73,-47.969
-44.154,19,330,207
187,-133,-85,185
-489,-428,33,15.334
-57.511,28.911,110,435
-175,-217,69,24.288
-74.39,26.457,-318,429
-228,436,-443,334
-8.384,-199,-90.875,14.114
125,32.263,-413,357
18.961,66.836,-77.005,-358
56.747,-395,-351,-61
82.61,130,65.875,464
-377,78.177,358,23.341
-319,-462,-464,-10.307
19.234,-88.621,-93.144,-69.926
43.707,89,426,-85.48
78.15,-312,-407,-24
-44.797,-168,64.103,87.8
284,201,157,-235
-26.761,144,-318,18.932
-63.589,-89.051,-20.677,18.391
84,-108,-437,-95.495
-306,49,-38.547,-119
14,481,299,-387
-72.409,-54,96,-99.633
88.487,75.358,-64.643,-50
430,-314,47.706,398
-6,-262,434,35.459
126,-203,245,-65
326,-86.087,367,-56
70.153,259,-396,-271
387,-310,-25,164
-403,80.139,217,-86.636
29.466,-69.436,185,-61.118
-282,82.007,41.809,478
-359,7.603,-340,-81.793
337,-57,-86.085,-334
-40.989,270,439,-90
58.365,96,-81.387,-41
-40.036,20.129,-11.413,284
-31.799,-44.154,349,-28
-242,-13.149,205,-461
139,16,-9,70
277,-273,-30.794,-370
107,160,-84,-66.687
-55.351,-295,36,-449
192,-195,70.187,76.638
47.428,5.618,-489,-182
48.138,52.74,8.101,-86.967
-354,56,29.842,-9.388
-27.698,-443,-114,8
-79.256,-123,346,296
-81,-375,-292,-213
13.136,-163,-480,49.555
-0.451,82.825,-56.254,85.187
97.442,-29,80.631,89.281
-16.826,65.404,94.956,447
188,-257,-42.254,183
-65.699,56.657,-170,188
-368,-274,-317,-25.201
-88.903,465,380,61.359
-30,66.965,-51,90.696
-438,-401,60.291,-17.813
20.203,72.11,-47.338,287
-108,-86.502,-58.185,240
1.29,246,86.257,-60.923
-48.334,-189,347,-54.559
71,-26.158,-73.591,166
136,-78.632,-140,269
279,-14.005,-275,76
-93.737,343,90,-12.641
82.323,-399,39.663,91.526
-18.94,324,-180,-368
192,-440,91.473,60
-81.92,18.009,59.391,454
354,281,15.023,-156
46.014,-57,-39,172
-30.734,212,53.868,-48
-11.782,0.038,-195,-54.102
-88.538,-31.216,-63.512,-449
51,84,-88.728,-387
42.999,162,-365,67
363,-68.629,-279,91
-388,27,27.979,-68.269
75.435,358,0.338,366
-186,16,-94.228,-484
19.504,49.123,384,126
-379,-59.863,-436,-74.629
-57.144,-16.362,70.955,-111
35,-266,-225,59
-91,-61.738,411,-480
-68.664,-227,10.61,-334
-19,223,-408,51.321
-49.419,-12.66,104,54.358
5.731,-76,-487,-226
290,-385,37.087,-57.843
-65.662,325,-279,9.461
137,-76.314,-37.093,-25.739
-78,2.511,67.741,13.174
82.332,-73.956,-394,223
486,-482,-426,-385
61.191,-422,21.009,75.905
45.971,-296,-61,-463
-74.694,457,-14,-93.025
216,-97.964,10.151,-321
435,19.032,-88.716,-347
106,29,333,-174
115,95,-376,440
447,-40.431,18.988,111
72.911,6.657,13.28,369
-144,380,3,125
60.809,-385,278,-39.752
450,131,-153,-58.095
-402,-414,-32,-4.057
-98.808,-286,32.935,-425
-175,448,-24.024,-31.808
10.548,-308,467,20.548
75.305,-426,-497,-182
-334,354,417,-5.387
-175,-95.399,-311,-59.213
9.792,-13,3.705,175
-298,488,-86.708,-493
98.128,64.142,-140,-37.128
25.664,86,466,-171
490,-27.203,9.43,-64.851
194,31.346,-70.387,328
-222,-497,-476,-122
-380,0.343,56.895,-57.082
186,-81.883,-96.366,-168
-37.814,-1,70.186,233
-99.286,-484,-278,-150
-25,-24.736,147,-10.21
88.996,25.436,-67,188
-12,357,-17.928,-49
-96.552,83,-473,479
-3,-236,403,6.037
-16.982,11.172,-15.413,-36.793
-70.659,-95.396,-88.758,22.327
-6,-432,61.958,-93
-167,27.048,-69.059,8.135
51.444,-7.844,353,-225
287,341,-156,61
-24.441,-259,115,23.997
489,-406,35.264,73.15
-232,57.586,-76,-68.533
-4.595,-316,174,-30
362,29.417,-95.551,488
9.458,-22.637,-468,41.056
-313,80,27.456,199
51,-327,-13.447,-27.363
498,215,-470,-48.635
8.562,-472,264,67.505
95.979,265,451,114
-83.485,184,28,431
20,-379,71.553,59.837
-87.247,-234,267,-172
25.16,-332,-6.326,387
-73,3,-24.328,-60.426
-234,-213,-52.86,263
36,-485,155,-399
446,287,-76,-449
-6,-181,-424,499
260,27.64,-447,-20.555
-34.153,-17.064,405,-67.56
17.596,-425,-293,64.92
67,284,436,-72.805
-224,-110,58.777,-71
28.287,62.239,-82.146,45
-372,55.04,-36.402,-0.901
31.893,48.693,51.843,42.918
12.034,70,-175,-53
96,-304,276,190
35.444,163,21.002,244
-144,-17.011,262,-147
107,-394,20,-16
-234,28.532,-234,-49
-13.229,-87.642,-418,-450
-49.781,-486,-99.758,-411
40.996,-434,-61.404,-17.345
69.992,95,94.118,-34.291
62.478,79,-94.761,-294
-108,-31.291,491,-239
6.786,136,-56.526,-68
61.845,172,10.396,-39.642
206,-156,6.571,-53.442
357,-90.112,392,4.382
157,-30.479,-78,-23.19
461,-27.866,51.627,145
-54,-72.438,483,-81
-28,-55.645,-48.286,-16.952
307,29,-141,259
15.12,-484,406,53
-240,-90.483,59,42.861
-139,-35.285,-212,4.902
-42.833,402,-364,68.375
20.693,22,7.909,-112
-29,13.936,-139,202
-155,-416,-78.026,-85.763
-293,-406,52,-378
-163,122,-93.181,496
-285,-317,256,-30.363
86.863,-125,-57.651,88.584
-97.009,-258,0.023,-208
52.645,175,-451,316
-64.133,-92.424,85.963,312
-92.276,443,-384,-175
-251,-7.681,69.372,281
5.133,-88.837,199,-67.337
329,-65.653,265,41.568
12.469,-65,43.989,233
-11.769,-290,68,114
10.237,443,414,203
39.296,85.439,-42.926,421
-32.416,-71.474,277,-289
50.173,-355,88.023,-71
-90.035,65.295,5,274
459,-0.308,155,55.389
-164,-7,-114,44.591
-95.529,421,-122,-44.754
9,-93.598,208,12
-302,-79.302,391,280
65.562,418,-396,47.113
-18.43,81.195,-218,346
-27.884,-289,252,-4
-375,206,119,-49.063
-47,268,98.851,393
-62.18,69.9,-68.176,484
-173,-37.939,427,-18.174
43.878,-340,62.632,77.271
71.857,-67.679,423,-96.685
4.794,-52.394,429,473
-449,190,408,34.024
86.918,-92.403,-56,-20
-452,-484,-492,112
-25.35,-149,-42.607,-88.515
431,39.847,-474,23.699
-8.84,17.975,38.272,-35
19,-447,-160,-314
21,21.149,350,39
-196,252,-311,84.317
73.276,12.608,42,-16.821
452,-34,466,84.635
-95.603,268,-11.181,24.891
-12.726,455,90,315
-61,-410,-481,358
-300,325,-247,-439
-131,390,-143,-43.674
-186,69,-8.141,-232
-70.535,443,-32.278,238
-453,318,93,223
61,72.568,23.627,97.417
486,281,-328,108
-101,341,67.641,-412
-114,136,71.381,-442
-483,50,-81.513,327
-276,63.337,-378,-344
491,-71.331,-239,-96.757
-432,-97.559,-141,-210
-194,-50,78.4,73.406
78,-63.378,-70.217,-484
90,-290,-236,-473
-23,16.972,-71.407,318
273,-132,-92,10.238
217,-460,137,321
-71.735,-54.021,293,-453
-35.758,156,-386,-64
172,-27.941,6.102,143
-275,313,-187,79.717
101,71,-92.113,7.568
-57,226,271,468
33.783,413,-233,59.759
-77.74,-496,53.01,364
186,-125,179,-313
-388,263,405,270
-20.496,95.916,-360,-358
-233,-84,-97.359,-417
-60.115,126,31,-284
288,105,-451,132
5.77,52,-12.6,276
-65,-65,-90,23.334
-19.117,-81,-404,87.409
-325,350,426,204
27.711,-58.135,-188,141
-451,-33.944,321,-112
405,-340,445,92.485
285,-9.682,-375,-40.411
8.638,40.911,-74.774,472
59.169,86,18.568,-150
477,402,-445,149
-197,-115,500,496
73.106,-71.419,54,72.419
473,-58,-495,-30.787
16.724,188,-145,25.222
33,-169,-467,-127
-10.721,11.741,16.323,-62.605
-73,342,-41.974,-258
66.286,182,65.218,93
250,173,-18.694,215
-268,348,-17.7,-499
352,55,158,405
27.396,232,-242,-209
-31.001,-429,-251,158
60,-418,150,287
268,-144,-122,-208
16.062,5.98,26.386,-260
-119,11.722,-343,-233
400,-15.793,350,16.352
-472,-142,60,-327
-83,32.879,-372,57.503
-81.164,109,274,169
-76.837,-26.631,-89.023,-243
-172,46.342,11.265,-260
-71.771,38,-68.582,65.32
133,360,168,-4
27.659,-101,194,-342
91,30,77.378,33
23.154,-474,4.957,16.855
-52.468,167,-42.17,41.925
394,-18.555,448,2.082
-92.165,-291,11.895,79.75
283,-318,49.735,25.999
-1,205,-402,308
-496,-194,6.85,-114
305,-45.746,126,214
-185,138,58.998,-352
7.01,-4,240,-16.991
-87.537,-419,-19.375,-240
14.942,-22,77.616,-30.026
-98.333,-160,-290,-322
-14.854,-461,20.821,430
-94.464,-70.932,42,351
-16.83,-23.329,-72.701,-50.882
115,170,95.407,327
321,23.28,-153,-424
-3.241,433,64,-64.083
-76,-95.654,399,-189
-458,-451,-79.083,-375
-19.367,-1.992,-80.44,-308
-12.425,-280,-90.112,230
-93.611,-32.572,83.507,-65.644
-104,-269,-95.423,-428
-286,-6,23.083,250
4.756,443,-35.137,93.528
70.128,4,-111,66.117
-41,45.39,58,228
-72.185,212,-57.96,-94
168,62.619,56,-21
487,-375,364,-460
-23.34,96.302,-125,-29
83.401,327,-371,-226
-301,-96.359,371,171
1.247,493,424,-177
191,27.928,-357,203
388,-52.061,75.523,-61.726
-58.573,10.385,321,153
33,-5.153,-492,317
4.704,72.752,-316,-330
-78.995,110,271,350
69.794,-60,412,-332
286,-25.667,41.119,-222
-65.802,-143,-263,-6
-402,9.127,6.355,62.026
-19,330,-74,-4.791
-494,10.4,199,258
-293,-83.096,-150,-260
-67.347,-444,18.929,-63.652
58.492,-71.24,-13.965,-444
29.021,-259,-18.207,309
46.067,59.348,-325,-293
-22.492,22.309,370,-480
88,-75,-178,-3.554
86,27.732,8.325,-61.612
-83.045,-280,19.222,208
-44.48,457,-34.451,-24.393
469,-124,-90,65.342
-22.327,-78.233,79.893,-309
-75,-9.873,-0.797,-39
98.097,274,-61.828,295
-48.199,93.531,359,-15.663
78.777,117,246,-149
427,352,-72.358,-179
-71.61,4,53.785,-95.432
-81.834,-13.255,357,89.965
284,-292,-277,-40.952
58.689,65.098,-39.078,13.641
-433,-98.379,-156,-36.208
6,-33.35,-32.796,-73.18
-17.125,-14.394,-423,-70.415
39,-362,6,-16
61.947,-57.906,-238,7.878
-19.623,307,279,375
227,222,34.251,316
-66.663,-57,240,71.042
180,174,446,-90.713
379,-316,-413,-445
91.75,63.872,-103,22.517
-277,149,-466,-60.108
-253,-4,-17.798,115
22.25,-285,-363,57.972
412,319,255,-56.05
-6,-271,-83.339,188
69.304,-41.805,2,53.949
339,303,-96,21.804
462,90,-435,36
-126,-77.75,98.266,-5.533
-108,497,-78,52
364,45.21,-138,23.071
-454,67,-108,15.481
9.067,-69.795,46.733,78.193
114,154,-4.892,-90
71.305,-84.362,108,7.445
-185,416,311,-2.442
237,37.032,-308,12
75.398,-30.675,91.281,0.714
94.369,405,3.071,-46.286
21,-48.305,88.733,-72.899
7.526,1,348,58
-429,-272,-11.992,255
-235,-461,403,478
215,82,196,-104
-181,223,34.482,-72.414
49,54,95.855,60
-275,278,397,-271
-238,46.44,238,89.503
483,225,183,79
-331,-45,-35,-389
241,75.216,-82.632,-304
18.501,-162,-302,239
353,38.731,117,-50.412
395,78,-60.741,216
442,12,-493,80.454
43,-46.692,145,28.392
-255,-73.027,211,-105
366,-42,416,471
24.58,-163,482,19
20.597,-11.593,9.204,-97.8
-18.2,392,120,-12.131
243,-48.01,97.067,470
179,-454,-119,-56
67.823,-89.582,43.999,1.834
99.199,-213,-219,183
382,269,146,-106
26,-171,-227,79.705
-301,-58.808,88.297,-73.098
147,-129,-487,52
-178,-35.095,247,293
367,-416,258,-74.235
35.134,191,473,99
-34,-207,59.675,357
-357,-335,138,-39.871
-18,61,72,278
-62.693,97.009,52.049,149
-226,279,72.447,-431
-308,17.54,-285,-405
-80.788,290,-119,-40
484,15.819,28,-48
20,-98.884,487,-68
-43.47,-88.907,381,-8.828
-34.592,-148,-145,-30
-224,3.357,-97.852,196
-164,-98,18.254,-47.259
-202,-499,-33,-400
51.21,-79.108,-29.23,-468
72.799,-53.113,-45.147,5.319
-9.499,260,-27,-303
354,37.782,95.679,189
196,79.044,17.602,-21.795
-82.39,-453,274,22.979
414,-176,19,423
370,307,-69,-28.547
41.233,63,14.065,-64.303
-493,210,199,-85.039
97.062,-315,30.167,-86.378
-56.494,-82.39,34.591,151
-171,11.918,-44.351,381
15.932,-18.938,64.43,51.057
441,-362,-53.517,-126
386,0,-239,-448
71,-30.571,58.74,466
15,-62.528,427,-328
51.555,339,-176,-226
-160,353,-323,39.387
83,-51.815,-82.554,35
-41.36,276,180,-430
307,-5.109,-5,86
-37.989,34.048,50.628,29
-74.594,-397,406,84
-33,-39.276,-140,452
-15.883,-19,-237,-203
414,3.724,417,-410
-81.708,-270,-72.298,218
35.819,20.95,-479,338
-34,268,5.328,-344
-189,59.238,-83,203
-349,-63.695,-38,-435
-0.673,348,292,-6.379
-63.862,-3,-3.753,80
-23,80.908,-28,76.673
99.811,-97.241,477,340
-398,-61.549,-97,70
155,-270,147,-28
-2.229,477,337,141
-391,298,367,-199
464,-8,106,-68.553
205,86.67,-357,-43.32
22.379,-82.117,-81.523,-2
349,-272,-15,-154
2.298,-479,486,-92.792
-226,55.862,-494,-63.975
-44.815,62.049,-23,-32.373
320,-72.587,67.397,-100
97,-265,7.827,489
-86.624,-285,-36,165
76,55.29,14.59,-54.063
-301,69,-23.106,87.895
-47.553,298,-47,436
-481,-4,383,-27.535
286,94.488,329,-496
48.853,271,-70.461,452
-491,416,345,-182
498,-87.187,11,-76.972
247,21.001,39.998,-57.523
351,-269,-31.527,-67.795
-43.535,-222,-356,271
439,89.515,76.6,56
-25.084,35.44,-159,94.537
-458,19,371,-496
28.014,268,-425,-263
89.128,118,44.027,-147
-312,3.182,380,400
-73.297,-91.053,180,29.179
-11.067,76,-194,265
-7,-57.189,109,472
-0.743,-1.01,-94.58,70.055
73,80.231,-38,342
-86.156,-354,-326,74.036
223,42,97.345,-82
178,-26.937,-212,-358
-238,-73.265,-141,186
338,386,-107,-35.103
-65,475,-58.402,-31.498
-83.054,-69.521,-71,-184
-241,-201,-267,-284
66.64,-315,28.002,148
-46.321,2.533,438,475
13.597,-2.607,55,-76.193
-37.586,20.163,115,-331
-377,84,-95.036,128
73.129,69.864,-51.609,-176
-406,-89.123,173,43.772
103,11.919,-147,-88.423
-453,41.745,-273,-37.085
48.122,488,216,-35.587
23.44,110,-409,31
240,-360,-23.654,-5.254
405,-435,60.488,245
5.429,80.795,96.763,-19.17
-82,-7.129,-60.552,56
-385,-18,-141,51.476
-38.808,-410,-229,-68
-200,39.493,10.466,-69
-71.94,119,291,-312
-191,-98,25.623,98
45,-346,-480,21.417
-87.437,8.407,205,-474
49.109,-68,-184,-82.654
50,-183,399,479
82.645,-339,491,1
-471,-90.408,-166,-0.384
-125,80,84,248
394,43.521,233,-50
-54.618,360,409,67.496
217,322,495,-13.861
86.612,90.56,301,113
34,389,-96,231
31.709,-43,255,103
11.348,-45.627,72,-251
-74.379,15.499,-8,-183
-116,-353,-118,-157
445,92.559,-173,-346
-290,-45,-43.962,487
307,300,-41.52,88.774
-326,-242,75.777,17
-96.203,329,-135,29.227
-441,-59.136,21.891,472
116,-85.815,-83.214,294
113,266,-141,61.146
61.191,206,8.857,-161
-38.963,367,-456,39.877
381,-391,-321,-382
11.147,-322,28.704,165
157,384,70.166,151
-26.167,52.945,-168,-328
145,-468,-25.884,136
-60.074,499,70.63,-328
313,-81.275,419,-32
47.561,68,-487,126
-282,191,-363,41.078
-88.954,-339,-211,-180
-499,-59.651,-50,-481
-113,177,-295,-247
264,304,-65,202
-228,-325,25.642,-64
407,235,-482,-73.818
34,-177,28.627,-362
28.48,-70.776,24,-42
117,91,-33.628,-19.122
-37,449,-114,-335
40.34,275,86.985,221
-412,456,-70.859,268
92.379,108,-376,66.414
-54.345,411,-88.329,-200
-335,452,306,-39.776
-98.56,7.686,476,453
-93.685,53.642,-50.099,11.745
412,-15.229,203,-338
26,59.844,426,-44.046
73.093,-372,-488,-11.756
-265,-198,86.116,60.676
-85.908,-71.226,49,6.743
-191,424,-294,195
-347,124,-58,-18.821
16.842,-435,-204,-103
-420,46.084,-2.242,355
-86.891,-477,97.928,-20
-114,-46.618,410,175
117,41.627,301,-12
-242,-289,84,-93.864
-68.192,15.073,54.78,471
149,428,495,-77.12
-21.777,69,-68.703,4.737
-308,-324,-14,171
-154,44,-158,-194
-367,1.326,-176,-55.675
38,500,-114,-447
-37,-48.342,410,24.861
135,-35.542,243,135
29.051,-94.074,52,-422
-72.541,112,16.865,-390
320,106,-60.549,105
14.476,454,-93.446,-382
18,44.578,-164,30.082
70.882,308,492,-156
98.875,-318,403,-108
415,-417,17.223,62.457
-38.255,-362,-58.135,319
202,58.063,-114,372
-48.85,-0.901,74,145
-317,-188,457,-15
-206,17.802,-163,244
-66.472,-84.916,-359,-40
-188,15.176,-54,-33.581
-415,-2.488,345,-46.904
250,-121,-62.107,-231
-54.447,8,10.834,-36.947
338,-440,-3,-15.383
31.516,1.968,-92.667,-359
211,471,-322,-447
-436,454,110,406
-54.946,-380,-57.382,-36.771
2,11.237,8.673,-452
-25.438,-16.428,324,-86.617
-92.014,51.865,-382,-83.159
214,89.55,-84.829,255
87,-50.731,26.152,167
35.504,339,419,-1.435
-58.955,-281,-96.55,-42.113
81.024,37.664,486,330
-141,30,289,-117
59.067,222,-347,39.983
-23.684,26.87,66,-60
46.785,-87.683,62.774,-7.178
144,387,46.006,94.507
-32.105,-63,66,18
436,141,-45.322,-47
-1.106,-31.684,99.273,12.864
76.735,-238,-57.099,-90.472
177,492,123,-48.884
87,347,-111,97.601
20.79,333,-183,176
298,14,34.609,-283
240,480,252,25.792
330,-438,-19,92
-37.001,95,32.112,185
78.086,366,313,74.701
-38.408,-353,2.582,-392
-291,-153,52,73.968
363,-33.626,93,343
-16.406,-32.744,-52.464,-445
-223,49.098,52.401,-46
32.055,64.626,-10.698,25.826
-461,-10,391,30.922
315,-167,-291,49.287
35.184,-483,-203,-29.597
55.014,127,17,116
61.513,-14.461,-281,45.02
-37.423,-72.019,-209,-92.132
483,47.335,203,-38.658
-201,-73.247,62.838,464
15.362,-159,89.723,428
-157,-235,99.137,-21.736
30.727,432,400,-425
9,14.252,301,-284
418,194,457,-260
-149,-61,-68,12
317,-98,66.292,-321
-219,-34.7,-27.432,-48.881
-7.553,-32.065,-137,125
244,161,-6.935,24.789
90,317,28.804,-76.905
73.927,-30.164,75.16,-13.477
-52.117,-36.81,-276,138
148,-171,412,59.637
-160,-84,-194,-299
-233,434,21.109,-95.08
422,422,-64.948,223
-305,-108,74,352
-424,441,-39,212
-379,82.515,-36.411,203
-398,295,126,-492
443,12,76.585,168
264,97.391,-11.183,-88.482
478,88.775,328,40
338,-76.666,-497,-257
-252,-83.631,88,88.704
-204,-228,48.922,267
83,-75.954,-35.35,-60.024
-440,0.317,-323,-359
254,-374,281,424
45,-130,-24.268,7.441
-477,234,-66,-80.859
-338,-40.73,-320,-366
79.433,-90,-378,-53.591
-227,-324,70,-487
283,-36.324,-480,-55
83.338,-350,147,-80
27.368,-341,397,60.662
-236,-46.631,-40.042,-472
-100,379,116,-38.763
435,182,53,59.776
-449,140,248,408
485,-263,327,57.981
-377,-17.672,473,7.579
-405,-252,25.441,375
256,486,48.808,-59.355
8.097,-82,311,-27.494
5.147,-369,274,-458
98.136,-134,39.485,-35.737
-15.384,-59.405,-299,-322
-90.766,96.826,-3.275,-69.064
-35,-2.082,-318,283
89.685,-36.371,49.789,49.966
-2.891,-93.547,171,-214
-278,268,-281,378
-489,-21.476,-332,220
-71.183,-98.817,34.931,-43.845
-85,93,-136,67.477
-89.404,30.927,448,-62.455
255,-60.235,-27.477,20.087
8.017,-427,67.465,14
33,-246,48.765,124
-79.869,221,-97,-465
261,62.871,32.561,-0.669
-65.229,-21.782,-263,352
-83.111,347,98.051,4.236
59.362,-81.648,-221,214
-32.464,130,-108,66
-53.236,302,148,80.888
339,-329,417,482
91.52,-459,-310,-480
-28.713,247,-6,261
-57.567,-195,-41,-222
201,89,-334,155
248,-43,25.112,-326
49,291,-72.364,431
335,338,-42.685,3.929
115,423,320,145
-8.413,-50.319,147,-17.199
-287,-451,-28.67,-297
-107,-93,20.291,84.414
172,6.444,-487,-42
414,221,420,56.344
-152,460,-37.531,45
4.648,-12.237,26.559,14.649
-429,282,-45.738,435
-71,-24.737,-94.816,-84.955
226,-43.409,113,322
-219,57.609,-86.401,-93.494
-59.705,222,1.781,102
28.027,-90.497,-411,-483
48.035,71,-93.535,-95.51
-378,303,12,385
-56.104,419,455,499
-498,-135,65,-233
4,420,10.369,31.308
-48.182,-435,1,-274
-86.576,6.256,-50.062,438
48.766,51.771,111,-209
-243,438,134,-50
88.45,55.857,-71.403,-65
54.68,182,-48,-98.025
-461,-47,67,21.875
258,-45.207,-300,21.864
-387,88.266,-452,88.42
-86,-180,-31.895,285
359,75.859,204,325
344,358,-27,-4.261
75,230,133,28.899
14.907,350,299,83.326
-37.784,-93.551,72.42,-13.862
-121,216,52.941,469
81,-137,153,-376
332,-88.033,224,-339
-217,-432,80.831,407
-63.442,354,28.656,-77.859
-455,47.271,11.116,-8.417
-76.057,-289,292,147
-178,71.834,-271,-83.573
386,484,-70.941,-86
389,69,-88.101,-126
-231,26.394,20.5,-62
343,170,27.634,436
19.881,215,236,-40.914
466,-82.625,-91.667,297
52,93.908,-370,-99.217
10.089,343,92,-123
126,-297,96.926,-342
-34.239,-95,-89.593,87.304
-127,-497,-423,-357
-84.614,-258,147,41.44
0,37.378,18.33,202
334,-47.254,328,214
-103,-66.446,233,-93.352
331,-15,461,-35.138
46,15.688,-94.616,34.506
-51.886,-49.582,5.197,95.807
-321,-117,-47,-7.734
-365,26.361,14.137,139
6.467,449,-46,449
372,78.467,-89,38.269
106,54.174,-97.511,-85.759
71,64.219,435,35
-38,-334,75,-50.84
89,-18.689,-15.298,-309
87.721,-421,-157,-167
40,8.56,32.714,-23
398,-448,-27,157
114,-55.487,-142,294
-348,27.501,-24.127,-192
211,141,-15.555,272
284,-17.827,-156,-63.456
140,86.287,-415,20.392
15.875,75.258,-75,-59
29.731,-99.594,-15.632,22
-269,306,-84.351,79.092
-133,5.891,-493,208
175,93.537,51,76
-252,-280,-40.109,-218
65,498,39.512,88.303
15,-4.59,-298,-20
-366,-20.61,319,157
-185,431,-40.915,-423
-63.344,-386,52.54,141
51.098,-475,-486,-392
-76.259,350,208,398
470,363,61.219,-12.006
-71.093,72.251,-166,-74.503
-55,41.148,47.725,-78.214
67.439,10.66,320,41.582
-110,-83.78,-12.021,66
36.876,-352,34.246,-82.672
-39.246,-53.311,-345,83.053
63.165,-355,228,305
-48.756,-106,-166,-151
-32.947,-88.767,-250,68
118,10,14.659,51.059
-224,1.777,89.139,340
-92.205,360,-496,-58.456
-24.768,373,-6.94,128
-441,-65.478,98.192,-287
-86.694,-71.954,-201,247
-86.295,85.976,75.903,415
-49.243,-280,296,246
437,10.751,-356,18.729
11,-37.496,220,-18.702
98.638,-229,-39.362,40.045
303,-43.144,27,-1.494
-165,-288,-175,-340
35.838,-388,-120,61.566
25.047,-38.627,261,-1
-79,287,-389,-216
42.822,400,-85.072,-410
-139,-193,23.006,-83
-62.63,-482,3.628,-250
313,98.417,109,-34
85.739,-0.935,-132,131
-244,271,11.996,-23.184
-433,12.699,247,-10.973
297,77.837,21.782,-141
-395,-45.507,147,268
89.373,-187,-208,-382
-57.843,16.379,-78,-385
-2.315,-89,321,-226
248,-45.827,441,-60.425
-49.413,-230,-60.423,85.582
10,52.049,-94.476,271
41.073,-45,-246,-22.357
-36.423,391,36.154,456
250,26.787,-70,-495
-117,410,64,365
98.448,463,87,376
-47.563,51.039,-79.267,-191
-24,-368,-426,-325
-430,-77.957,-277,-74.909
-137,90.425,58.69,383
-399,215,58.391,54
54.284,102,-212,488
-368,94.745,-97.91,-466
-50.525,-41.742,-465,-249
-486,285,-53.509,401
394,75.445,-91.998,-437
51.66,-196,-154,-481
-13,-83.239,-242,183
-75.031,50.946,-75.65,-33.211
410,94.771,27.362,227
-95.73,159,-45,326
-86.678,-217,7,406
-352,-24.955,-477,-26.267
-189,12.466,-4.984,-399
-311,-494,-260,22.384
341,59.832,92.298,-345
-181,93.458,-367,-298
259,462,46.742,326
433,-270,-430,468
108,42.644,498,239
-31.476,71.341,-66.935,-95.948
-69,-236,-37.093,16.456
-100,29.697,-41.491,-96.803
436,372,29.749,57.694
-192,404,57.756,41.214
-348,-258,-336,-86.058
467,-389,162,274
481,397,233,-89.874
365,-81.221,66.074,-472
268,60.73,83.25,-205
124,4.264,-223,87
48,7.874,-22.961,-76.097
431,-423,224,-56.739
-80,-81.587,-108,220
-476,-352,-354,-78.034
-88.254,278,420,60
472,77.442,134,-311
85.345,426,44.38,-9.689
-216,-82,-225,-451
31.208,81.758,-24,-40
-22.747,322,39.272,13.251
335,-19.221,-90.89,-6.926
-401,-161,21.776,-14
367,218,53.752,229
8.982,-58.475,-25.008,420
-144,-310,450,497
181,-11.218,-15.995,-273
-236,-130,75,93.522
-11.068,-10.993,-165,-97
-74.545,35.985,112,-90
-61.749,-282,78.461,318
5.254,284,-173,-175
-305,-387,9.083,-20.664
80,-37.899,81.476,-368
-31,-283,439,-205
120,-67.361,-72,198
0,-82,41.501,-81.741
-86.989,186,-36.831,-21.413
305,79.97,-340,-61.403
-53.578,-248,-468,422
16.608,-392,-409,223
-30.558,294,-94.348,84.732
-99.968,-272,-448,27
-155,325,68.646,31.742
169,-211,-86.417,-117
159,-462,24.801,-474
-306,15,40,-259
308,21.496,287,79.272
-167,-185,-244,-13.987
-237,376,45.388,74.629
-119,-36.256,-61.461,427
-407,-54,471,82.194
-27.353,49.463,-293,-359
372,99.545,-42.291,-38.138
407,37.962,-176,65.937
-155,-5,453,-177
190,-74,-101,-45
-281,110,-68.165,38.986
-286,1.747,54,-155
444,25.417,189,-76
-69.72,-68.356,60.653,325
239,85.721,477,-63.249
-147,227,-45.41,-53.542
55.71,77.455,45.146,276
-205,-477,16.078,-132
-55.43,124,-91.065,-356
27.082,-94.089,422,66.111
-90.206,-69,92.197,-192
-472,480,-437,247
-185,342,19.111,84.565
44,75.079,288,-195
152,-216,252,-85.083
277,-27.689,15.112,439
51.306,327,-258,-279
498,64,80.947,49.713
-421,-171,-423,-4.136
-14.756,-11,14.905,-338
22,-59.233,338,-178
288,-84.073,2.375,75.362
357,-104,-482,47.564
230,67.066,60.521,76
-82.67,-21.821,79,364
-81.184,-18.488,31.957,-44.343
264,192,126,-90.679
137,94.283,308,-193
29.866,-448,-82,88.118
114,-19.45,57.24,-0.037
-481,-252,-66,292
44.913,4.947,21.062,8.956
-121,-437,159,131
202,-18.2,-308,-158
-84,92.439,-285,-150
-486,412,110,66.218
-79,-490,65.919,75.456
67.287,-163,17.219,153
41.708,123,210,-56.537
-277,-123,276,-15.598
68.773,61.692,-400,32
-260,-92.733,-73,25.629
-231,-20.913,31.825,29.124
-234,-499,-47,74.688
-318,93.398,340,37
457,-343,-471,-144
308,183,-13.535,-57
-372,58.498,-272,449
82.508,220,93.134,-57
410,-63.348,72.918,-63
92.418,-199,354,24.547
-32.524,371,-32.644,92.448
125,58.987,481,227
477,91.404,-27.058,-360
43.957,-291,72.31,-156
187,-180,370,-145
117,-21.84,-475,43
23,76.943,-80.138,-147
394,-421,-41,318
151,-266,-5.68,22.869
-491,322,-95.087,34.093
-45,276,-435,73.093
-56.327,9.749,21.319,92
-39.305,-275,-488,275
188,269,46,2.946
488,-470,209,-96.14
-174,-340,19.354,-354
-39.639,-29,-75,70.284
50.778,-306,304,-85.267
27.938,-495,14.341,12
496,192,-56.741,-417
207,-42.89,-87.818,89.041
-12,70.059,-85.747,-247
-20.919,-358,202,-140
78,232,72.63,-31.792
-120,93.386,24.417,266
335,272,23.877,97
-65,-57.126,275,33.383
-10.726,-15.934,-414,-274
-58,-167,206,-191
65.388,-90.58,230,-442
355,444,50.834,-34
14,-228,66.344,15
238,263,82.497,429
-95.708,438,33,71.205
260,239,-19.246,-74.811
432,359,86.666,-83.959
-5.629,56,402,87
31.184,-89,366,189
423,49.376,-52,-487
-269,177,-389,-268
58.11,81.933,-292,487
292,99.088,-206,-93.97
-414,-292,-186,408
-328,-249,192,194
146,283,119,37.762
-250,84.835,160,349
84,429,247,-58.483
-85.468,60.028,-69,-213
-33.082,-180,-11,197
54.594,335,-186,-75.869
-96.923,65.08,-85.494,-298
-150,-434,432,-365
-23,-94.948,394,422
-451,92,-31,-420
64.795,58.152,107,38.719
-17.981,-17.629,422,-141
-293,92.262,-218,-286
-87,-473,149,-68.82
-280,-91.853,64.532,-281
25.403,-345,67,47.089
189,70,-51.89,307
23.41,25.776,-286,-140
105,294,71.494,209
0.253,-42.252,-458,259
94.393,-370,-125,22.77
-57,4,-122,91
203,470,-493,369
-489,-379,171,-199
3,321,435,447
-35.12,22.111,-244,-418
-269,-92.395,405,29
16.458,469,89.54,65.966
25,362,248,-492
-74,-17,437,271
-334,-304,-65,-140
-8.334,-0.851,77.847,-141
25.217,-207,328,-89.224
32.573,-127,455,67.336
-89,-349,486,-101
207,-99.38,323,6
306,-246,141,335
394,165,-182,80.309
43.37,-277,2.525,-168
372,353,42.73,241
-59,-51.37,-50,16
52.392,2,-400,239
26.348,-111,-352,-70
215,-15.277,209,88.075
189,51.223,-148,-82.661
-96.9,33.585,12.507,436
255,-95.859,-287,-5
196,-166,237,465
106,17.146,-32.794,228
306,94.879,-361,-8.691
-88,451,66.049,-407
-352,356,-204,331
74.436,455,-110,303
26.528,-383,-81,21.366
99,-60.778,138,7.658
461,-177,-277,370
-72.094,469,75,-1
139,-430,-93.033,43.234
-452,-430,36.055,386
160,328,147,-35.996
105,298,178,-58.892
451,231,-44,216
-436,98.468,79.907,-43.125
-436,-215,-96,-40
390,-342,64.945,-40.238
-456,373,-52.879,-24
403,396,-58.65,-29.421
-96,75,-331,-144
-23.275,94.845,-63,-43.156
465,275,-45.421,53.66
-60.338,41,-441,60.101
148,57.635,-70.781,-91.408
66.976,-191,-82.39,-24.107
-99.193,-243,-293,403
-185,-403,-193,-73
256,386,36.013,-61.027
39.341,118,409,419
262,469,497,376
410,39,358,69.946
266,-3.136,33,459
-203,-495,-128,39.518
-50.434,-485,65.191,140
261,187,7,-491
-253,-22.251,58.123,164
-269,340,-77.327,-49.177
84.018,-45.717,79,-96.247
106,-56.438,-223,-12.079
496,344,45.933,62.509
-435,-34,-45,-13.362
93.339,186,-185,-426
-85.158,-57.131,52,79.935
394,490,-37.107,-312
-58.612,-90.81,-0.265,52.686
-37.009,-173,198,83.266
80,44.319,-341,10.946
20.853,-152,-246,363
-107,-69.603,-24.906,16.052
31,423,-85.332,-332
54.806,-320,55.915,29.128
446,27.38,5.301,-470
-376,309,94.34,344
15.509,32,400,272
25.143,-98.889,11.416,-87.139
-265,-96.453,-27.171,223
-260,-217,82.099,6.533
-81,-92,-36.4,485
407,412,288,-217
-436,416,-99.595,-56.33
-29.326,91,429,64.309
-69.948,34,-413,484
-139,-105,90,-266
-36.411,98.167,12,225
85.109,-24,65.262,-23.604
82.052,19.65,-15,20.408
-58.884,-402,-145,-56.012
-130,64,82.972,79.838
-44.003,16.996,52,410
-449,-210,420,-244
465,213,52.31,200
-50,-221,-431,-83
-121,-423,142,223
434,-427,32,-60.259
17.68,-177,-421,-65.556
457,492,65.466,46.542
-340,405,400,149
122,83,-445,-62.806
52.064,-45.253,60.219,139
-222,459,87.276,154
-74.748,252,-13,432
233,-97.158,-103,6.678
-491,-416,42.622,377
140,46,16,-167
-99.292,-432,-64.76,-36.245
-49.879,7.706,-84,74.757
87.338,-137,26.958,-92.939
207,94.434,-14.131,101
42.009,-428,-187,-23
120,-67.44,-474,301
-399,334,-338,169
-286,-253,-24.92,120
-161,-203,-83.589,-364
-355,-357,330,7.309
70.119,21.157,-472,-66
-34.321,200,375,-74.619
23,40.566,37.752,-37
-200,-70.263,81.978,-475
487,-283,357,-6.895
168,425,-49.04,-397
438,-2.468,-37,-326
-73.642,-465,374,26
135,359,149,76.636
-84,-265,376,38.618
-432,-421,75.288,-133
-219,-329,11.499,-239
-91.236,15,-96,58.107
-428,-99.922,16.112,98.589
68.277,-494,62.181,55.904
66.095,415,98.297,-474
-164,-115,-16.764,84
-282,250,-151,42.559
425,88.399,97.262,91
54.757,-349,138,-156
57.652,320,-266,76
188,-28.157,387,-88
-51.149,95.65,26.05,303
75.963,287,126,259
298,-89.915,386,23.699
-72.763,68.916,250,-194
-96,-54,-33.859,-58
-72.486,81,-17.082,-479
-18.814,299,135,161
-420,-136,-25,35
-93.23,-35.141,46.479,-136
7.911,-158,-73.261,253
-484,-168,-169,-99.798
-74.855,-243,54.519,-12
-271,-489,-57.556,-308
-176,18,487,91.694
-301,-1.206,-59.136,342
46.503,346,-187,-4.481
216,-164,14.553,85.53
-40,219,421,-28
-195,2.71,-88.236,487
234,58.649,-59.777,71.134
16.958,-256,148,49.845
-40.604,91.428,-334,-44.647
-82.998,58.659,143,449
-64.482,-69,-70.914,-74.348
488,378,-215,-438
-362,61,319,-218
-198,-131,-90.338,61.058
23,231,38.239,444
148,-466,258,-461
-72.108,18.329,-194,-34
-459,-41,-79.013,-71.969
-157,486,28.606,63.097
-77.717,-25,-400,29.629
-370,252,29.453,-339
477,-228,-97.421,19
97,-363,-299,-74.702
402,71.965,-60.528,-20.252
365,-36.457,165,-88
5.914,-115,23,453
297,-412,87.841,-28.345
-217,-322,51.649,9.854
341,279,-117,-376
280,145,421,-64
-84.08,-421,140,43.072
-380,35,21.291,35.563
72.998,-28,-31.396,70.071
202,-37.674,432,31.712
-19.086,367,57.764,3.435
247,-406,361,44
-16.829,-492,211,99.614
4.997,-408,81.7,430
-47.964,-351,-77.506,437
-168,-96.833,-89.648,-83
169,77,-40.09,6.447
-171,-91.046,-263,-96.123
-143,-230,58.183,-12
294,-433,244,-203
-281,-76.212,147,0
423,-66.149,157,434
-91.328,-15.502,-11,-446
-487,-5.929,73,397
16.666,240,57.67,-203
-12,-263,-303,-34.473
-421,110,-217,73
16,-70.973,365,-23.792
329,128,-114,-0.115
274,-67.99,131,-97.099
-49,-348,-83,-377
99,157,-478,-0.719
-120,-85,-31.747,89.548
344,127,-286,383
312,94.536,-39.198,208
73.381,-438,-124,55.727
-484,-339,400,-22.234
-73,-89.992,-253,433
-88.964,288,112,-368
-349,162,212,20.37
329,-156,27,-424
9,58.132,85.635,-213
28.916,-366,-80.548,-41.177
210,-76,106,-91.432
263,87.33,-120,458
-429,-18.173,87.095,-31.825
-39.592,-280,-38.355,-22
36.139,33.536,30.957,-131
-213,-345,287,-2.55
89.31,-77.148,26.595,285
66.668,55.409,96.954,71.057
28.747,-240,28.001,414
-77,-48.617,417,36
-84.759,91.479,-100,-298
8.157,350,-423,156
-428,75.761,424,-170
350,97,183,-393
34.079,414,92.929,-160
315,390,-493,-288
84.694,-299,-3.088,85.818
-199,-20,220,44.439
-25.281,-246,75,-45
52.388,-82.191,-139,32.628
96.659,-34.67,-316,-84.228
58.748,-122,-18.022,-413
100,-95.584,-77.33,27.932
54.484,362,470,-35.41
223,151,30,-67.586
68.946,-34.429,6,318
99.479,-327,344,181
409,-27.955,7.697,173
-456,-50.864,-215,39.093
437,-17.31,390,480
-17.74,-402,256,-50.782
303,-284,-36.568,43.592
343,-305,-27.5,76.244
-79.045,-13.968,-246,249
288,10.152,272,174
278,-333,7.791,53.758
1.899,-286,98.88,-253
-75.714,438,-73,26.885
-76.802,-73.617,219,-35
-156,-270,340,-43.425
321,-25,495,127
-14.175,-80.376,223,24.288
-391,-191,-92.398,-56.599
175,133,-78.794,63.509
99,82.699,-265,494
-427,242,43.074,446
-182,344,23,366
-109,445,-379,188
-66.621,-53.967,-48.835,99
-307,-420,8.033,89.921
277,39.207,-90,28.852
-472,-88,173,430
-15.521,-18.954,-43.558,346
240,419,50.207,203
-290,-23.391,-244,278
51.579,-31,-442,-72.698
192,-79.85,-11,-204
77.277,-73.014,-365,-379
-397,102,-269,-214
-476,-11.382,330,84.228
218,-14.333,-329,94.61
41.516,-79.959,47.357,-280
250,258,-438,381
359,-248,95,405
287,318,12.936,-5.018
24.607,-71.601,-231,-21.02
-392,173,-453,39
297,307,223,488
-408,-53,-380,286
-399,9,247,96
-320,-35,-36.283,20.78
-156,181,-83.279,6
12.712,-76.943,-123,371
-15,83.859,2.573,91.192
318,-316,86.449,62.956
-438,-22.806,-458,-362
-32.969,47.654,-6,241
-271,142,-176,78.675
58.584,291,-8,306
131,-164,15.751,60.048
-305,403,-125,231
-79.649,-89.816,11.147,387
100,-19,87.507,-459
-391,-8.29,-56.851,212
-32.09,-331,3.841,43.444
-5,18.898,-183,-22.538
210,-49.088,251,-419
-66.741,236,25,-305
259,-255,-22.933,19.4
-49.953,95,-257,3.328
-18.097,-129,-141,-435
487,457,50.145,-129
-62.253,-321,-14.303,26
161,94,-277,-30.331
-428,50,-182,266
-106,-19.629,-314,-168
-94.778,-219,-29.758,58
84.736,62,-253,-319
-210,-83.466,71.104,-11.411
-82.847,-130,-375,235
-11,75.753,-88.868,-342
30,-308,32.211,83.294
-38.437,-386,404,324
446,343,-14.723,-21.214
-76.919,-474,-362,-428
-137,19.604,-10.659,10
-11.469,373,252,390
18,-27.926,-126,157
-94.7,-473,-81.023,-159
-77.915,-442,-41.405,-260
-98.972,-72,57,-1.189
-97.756,-25.57,-110,-25
-272,38,196,-2.788
-36.803,-260,-382,-264
32.518,50.005,-103,-310
484,-108,23.303,175
5.465,19.675,-65.868,-13.223
-194,-288,142,-167
40.763,442,35,-469
444,-427,14.524,-97.702
-116,185,-232,-183
343,73,21,-45
-53.365,-1,-1.546,-49.911
57.512,91.081,-92.597,426
9.61,13.132,41,53.057
19.963,-27.53,-359,95
12,-161,147,-26.429
13,-35,-271,-56.82
35.752,466,54.705,111
-450,-99.011,68,-15.883
62.567,-285,-454,-87.529
-249,-37.333,-237,5.174
287,-96.011,116,73.862
-56.572,-52.854,300,-362
-7.641,-263,-10,47.397
175,102,-485,-53.399
94,320,-55.031,353
-18.91,-47.018,-19.294,-356
70.103,-428,-437,-124
-88.961,-119,-50.681,404
9.194,65.376,205,-85
-52,-78.633,24.206,19.171
-37.233,46.182,431,82.366
364,60.114,-53.613,25.74
-49,36,287,-140
38,-248,-72.285,-15.055
-86.636,-388,475,-33.17
7.854,402,-78.91,304
79.451,-472,21.333,55.632
96.993,270,-94.814,84.748
38.899,-50,-356,-462
-480,-56.488,-179,443
466,-351,29.089,48.292
-489,-89.575,88.313,-147
469,-392,-409,416
315,-93.789,22.758,-108
110,65.391,194,-27.489
192,57,147,377
15,2.397,-59,86.618
-71.698,61.741,-25.466,40.504
109,-408,117,4.513
146,397,357,107
95,-95,-26.132,71
-359,-7,-17.905,-226
-76.67,-62.048,-337,171
-69.249,63.314,-152,358
91,89.983,67.487,-42.354
474,-342,-317,-89.196
315,61.774,-5,-470
76,25.551,-89.005,-399
5.88,-88.734,266,-436
39.439,-71.558,-11.253,330
7.109,-71.941,-440,395
51.951,-404,90.85,17.547
-476,69.462,-76.84,-24.996
-72.799,-158,338,22.698
-306,-66.485,-170,-92
108,10.935,4,233
-66,374,45,-367
-27.367,265,58.38,191
63.52,-135,-46.482,94.822
43.632,396,-95.783,-472
-386,61.07,-269,381
-338,136,-89.713,85.646
27.408,-53.879,-3.449,-422
-413,292,-352,166
129,15.524,72.663,-33.529
332,-177,64,-43.772
-38,-111,391,-88.922
460,54.868,212,10
80.489,25,-403,238
-423,16.547,-17.156,252
464,53.095,324,303
311,-433,-316,-15
-52.123,429,-216,23
-485,-348,-250,-24.119
-84.705,96,47.132,-91.417
-222,-37,-491,-81
-464,-330,21.199,35.23
52.041,481,340,-101
99,311,69.824,-148
-48.297,41.57,25,-85.768
-219,-31.94,475,102
-69.501,427,-12.589,-91
9,-306,-99.789,84.223
-33.952,-48.255,135,196
5.983,-29.614,-209,-306
-190,-223,67.245,-500
-394,72.677,-144,352
24.242,-169,-60.09,46.497
-89,-13,178,-54.859
-55,56.592,260,-42.062
-53.25,201,439,161
63.699,215,276,380
256,-107,-12,-214
326,-70.189,36.65,-99.054
19.92,-195,-1.788,283
-37.36,-71.924,374,-9.02
-26.448,248,64.3,74.717
-190,-51.08,-84,-28.637
-233,-4,-98.551,82.642
-329,-488,446,499
31,52.498,-18.258,418
-4.619,-90.513,-40.535,325
-46.078,-45,-38.915,80.995
41,-38,-28.205,-341
-46,-7.567,-216,67.992
466,458,-14.115,233
469,86.881,-16.534,256
-205,-156,-486,-15.649
75.939,385,-459,96.374
-49.516,-44.473,25.76,-288
-58,88,40.584,130
47.526,240,410,363
-25.564,-216,-43,-0.372
406,157,-46,-92.845
-414,58.09,-53.574,-474
66.115,11.077,369,-456
75.33,321,-365,-57.31
104,-85.947,-93.066,60.566
-164,53,93.388,-25.08
-392,55,12,93.761
92.682,496,-26.378,481
78.331,-155,-129,-404
-80.537,11,27.925,-449
-166,-361,-20.314,-62.512
-142,65,453,82.651
3.642,-426,-238,-120
-47.932,91,70.955,400
-83.224,-229,81.63,18.374
-466,38.838,60.896,462
-407,414,-234,-54
143,-141,-290,479
160,-4,484,-300
-45.339,372,10.896,-195
118,-38.451,-47.688,282
108,18.746,-12.934,-382
-497,-82,245,-450
-300,-319,-78.675,-132
-291,8.904,-269,-439
80.583,-7.123,-65.03,212
-10.031,14.563,255,96
-371,45,-184,-53.925
-65,-45.977,-370,93.892
159,-181,-38.673,-85
456,272,-151,97.878
36.524,-80.534,-29.512,-21.062
-124,-156,-68.53,-73
-218,71.213,375,-333
-2,-98,325,-500
-187,77,-421,-154
453,29.467,-37.987,-6.641
480,40.492,481,-266
90.606,290,370,166
-13.675,-369,496,126
96,198,468,-38.511
-406,-357,14,44.128
-357,6.784,-81.407,-15.337
-266,-387,315,-210
320,332,332,-83.156
-468,28.821,-318,-12.936
220,-11.85,244,43.2
-370,-82.439,24.835,-383
84.354,-324,42.617,-69
-454,-159,7.769,-315
363,70.583,433,-57.192
-25.131,76,-64.485,-409
33.065,-50,464,375
-50.733,187,-8,-56.506
207,-96.257,-357,-454
458,-22.159,-298,35
277,17.224,-267,-64.613
-61.757,266,28.117,-435
429,5.925,-82,-343
-154,30.867,-208,-342
-10.628,30,255,497
-90,2.011,-95.674,-324
-232,420,40.6,326
-0.973,483,297,-241
-7.06,360,36.687,-365
487,-28.859,162,-26.776
-32.165,-80.274,169,-79.752
70.347,37.327,-70.301,274
218,-347,-48,-412
319,286,105,-1.894
-441,-73,-260,167
-427,-83.407,92.61,-259
-374,400,-36,399
294,-174,454,-53.053
-432,65.583,-65.789,-45.73
183,-191,229,19.434
33.348,81,-253,75.519
109,27,-34,-9
41.395,-15.226,-43.452,-494
-60.868,308,-49.272,-120
-33,-82,440,99.41
24.54,-500,73,17.872
130,-358,90.281,30.515
246,-164,29.09,-263
50.535,-218,-391,466
-148,16.517,-86.183,-358
46.97,69,-51,201
134,-52.625,57.069,27
-333,12,28.808,-179
-28.786,-320,-110,148
366,13.843,-421,360
497,-13.485,7.033,-147
17.71,186,98.117,-289
-284,-96.603,-97.402,-244
-81.975,195,-34,26.718
468,158,-323,460
246,-178,343,460
-33.69,439,457,84.237
210,-25.88,332,82.387
71,12.034,-17.098,-38.404
-131,81.832,-178,98.94
73,83,-20.367,-26.1
-32.611,-207,20,244
-100,279,-256,376
-40.727,-344,40.864,-386
-25,-379,-84.565,-84
21.877,210,-69.598,79.775
84.459,71.451,241,272
446,-379,-333,-465
82.111,-54,-94.915,41.106
-57,281,54.339,-8.479
-180,-248,-264,357
-137,74.141,39,46.85
-410,373,303,16
-279,-25.997,-291,27.289
-124,-53.905,490,-97.061
135,87.456,214,-26.942
470,-57.557,61.914,88.133
-370,82.941,23.392,-50.772
63,87.184,-51.509,-410
-24.568,-168,-405,217
86.834,-18,100,-250
-298,-336,351,269
-325,17,152,-29.414
-75.125,59.312,229,85.146
-323,198,-57.779,-192
17.033,293,-18.256,98.172
-38.821,-90,-5.026,133
-81.137,-236,36.381,-51.262
-432,-22.329,-26.813,94.878
-128,374,454,62.411
90,106,-68,300
-338,-15,453,363
16.286,123,-497,-29
10.303,-17,76.716,-40.128
-363,-82.696,-81.183,33.086
98,-293,4,-213
19.898,-83.299,-80.67,-476
-99.359,0.889,-373,14.712
-441,330,-391,17
72.735,111,-355,-11.819
-190,114,246,-66.04
50.815,-95.916,-409,-25.308
-256,448,99.028,276
68.203,-254,-114,-386
-173,54.664,-48,436
112,-302,393,-258
299,-248,-233,-472
95.698,-448,-27,-14.361
-266,36.713,-45.036,264
402,-306,485,-87
-31.84,-47,-97.88,-244
-272,336,72.643,11.854
-157,216,-40.048,-54
76.5,82.496,2,77
28.517,-30.573,-22,-271
1.014,29.95,-60.764,92.019
67.272,107,56.556,-356
-51.966,443,4.104,52.257
-53,316,401,-26.439
87,-85.126,6.97,-5.528
-388,29.908,35,76.334
-100,408,53,32.055
-213,47.857,43.367,388
90.285,10,-2,27.862
20,-41.338,462,-156
289,-31.748,-44.394,-372
42,2.446,-79.307,-107
94.909,425,-46.216,162
398,-268,-250,-78.611
157,40.689,-19.064,28
339,308,452,5.856
-66.21,-232,-266,11.605
56.79,-471,-142,72
-262,-23.865,87.678,21
20.56,-371,-374,51.862
78.065,-45,402,-35
463,-183,-362,-18.107
359,37.358,30.106,33.002
-157,-16.985,185,-46.664
-9.277,91.53,-92,2.526
64.039,-45.675,35.018,-272
483,-311,56.066,-10.638
-50.48,75.115,354,94.499
404,15.068,-405,82
-90,-78.308,397,-93.149
-36,-258,272,73.116
349,-436,-259,-184
9.151,120,35.599,87.692
-273,-24,-137,24.104
-80.703,-190,-108,209
-83.276,-470,165,-452
-200,102,-45.998,-464
89,36.623,72.36,-285
-25.043,-323,296,-239
89.899,224,61,-313
354,-55.125,-353,331
470,-275,58.215,57.948
-89.69,359,-456,384
-226,-237,114,-243
-35.826,23.988,94.317,-6.782
-0.228,-28.611,-177,34.842
495,34,-365,254
-365,241,-420,-14.673
-499,141,218,30.744
14,-423,99,-7.206
355,-458,134,-37.382
-460,-146,-284,-48.591
2.748,360,-61,98.186
92.056,459,-202,-274
-382,447,-413,341
494,41,31,82.839
208,500,21.096,86.42
209,40.054,367,-101
14.175,-364,-18.028,-215
-498,-70.345,56,21.189
47,62.486,98.106,224
-83.994,40.19,269,-70.535
-98.06,53.97,-13.48,58
34.889,133,424,77.688
-24.259,93.18,117,76.921
455,476,-51.982,127
83.82,28.702,-417,5
-71.952,-38,-334,-91.836
-77.828,-291,-215,295
35.032,234,349,-418
205,460,-51.131,36.585
305,-119,0.864,14.793
-457,115,33,26
270,-97.608,16.696,-83.449
-35.664,-405,196,499
-43.96,243,-75.776,-339
-312,-329,487,-36.956
180,-133,-7,72.036
-30,-70.25,-36.354,23.659
-14.949,-53.653,25.579,-41.905
7.279,-79.677,57.665,-70.033
21.127,-118,-24.261,211
-364,-361,99,-311
406,338,-141,-37
47.799,101,214,237
79.279,-26.029,1.538,-9
-89.217,-32.367,70,87
14.804,239,-448,238
-277,59.45,400,-293
-98.998,-26.072,-233,-265
-41.209,-491,-48.609,5.573
306,52,-76,24.33
-38,-77.85,-292,331
322,-49.572,-347,-44
369,-276,98.09,492
95.557,-112,107,19.84
62.652,-134,47,-159
81.065,328,-33.213,18.693
-326,-111,184,-384
-43.238,-8,27,82.027
18.416,-163,-87.135,88
28.209,11.698,73.546,-10
-61.53,-366,-459,-426
159,-287,-61.53,144
115,48.991,-95.042,498
-86.035,23.233,412,-40
-86.261,-163,-48,7.044
79,38.258,373,488
24,-188,1.281,16.385
98.554,-370,103,-6.284
57.32,-93,33.442,83.634
0.78,6,-302,-33
-78.921,-0.211,53.01,89.874
136,58.821,-219,-296
2.503,-425,36.834,0.18
313,10.749,18.247,418
-49.055,-147,17.775,210
-98.56,79,-5.005,-55.929
256,248,-212,-51.77
-37.668,-19.322,378,75
-54.009,247,8.27,-87
132,-490,17,233
-65.225,395,33,-107
50.568,-57.294,-55.755,481
-384,232,-61.672,-241
-270,448,53,84.792
357,-240,-402,233
-245,2,-37.465,20.102
-170,-111,-57.499,-449
-68.439,-129,-283,491
-187,371,52,210
105,-308,203,-261
-344,-45,414,166
91.789,-343,-170,-94.471
-499,34.123,65.599,-343
-44,-74.03,195,138
-75,32.401,-18.034,-12.633
67.304,-430,11.146,-47.256
482,100,-253,-57.997
-7.179,76.567,-323,-216
-318,273,358,-39.716
-6.662,-14,-18,-317
436,323,121,-355
34,80,289,-339
11.82,-26.169,34.664,-398
214,104,-186,168
-78,-372,1.018,1.863
23.653,-144,68.339,-89.462
-65.813,-17.151,-44,8.716
21,5.691,419,372
-465,22.844,40,-118
-4,387,-18.291,66.021
292,52.588,211,-35.017
-113,93,-93.304,-55.097
-310,426,-87,-91.761
284,-130,382,-305
76,-160,4.757,234
-69.802,-24.12,483,373
26.233,365,87.122,-475
-200,-64,-135,-170
-215,-324,-142,-248
-48.421,-65.517,-21.923,393
-228,373,494,-81.545
-263,400,55,-429
79.899,-5.007,-86,-226
-166,-75,-486,13.456
13.477,350,149,-369
-1.353,17.707,-10.506,130
485,90,-447,6
-31.201,-52.859,-41,-36.56
-154,245,-38.602,-320
239,70.09,99.132,23.941
-67,-157,-150,-8
473,-172,354,-77.75
-256,34,-213,-320
-7.49,76.115,350,465
-78.439,72.34,67.48,359
-0.005,80.959,-32.063,-131
414,196,-207,-58.566
-81,42.811,495,-70
221,-60.606,265,-2.03
344,-371,-48.794,96.148
-95,55.351,79.837,317
-14,-25,377,-356
210,-16.469,424,-28.169
-74.204,431,-332,350
10.681,114,-149,-32.691
-221,-34.791,204,-72.376
-497,132,181,47.285
24.823,-129,-0.549,289
-7.354,95.056,52.16,193
75.395,115,-61.595,-79
364,-200,60.624,-9.018
156,-1.558,14.412,-196
56,99.806,416,47.645
-292,314,90.781,60
-61.099,32.951,-31.165,-33.589
354,-330,210,-63
201,131,293,-91.217
294,-425,-57.108,401
-41.643,445,-97,93.253
397,318,10.797,-219
77.052,-50,-422,-120
-144,436,-90.501,-75
-74.427,0.186,50.656,10
27.467,-93.436,-83.33,43.621
358,-239,-206,244
82.273,62.411,168,335
-51.696,-35,161,466
-240,-4.037,439,26.424
378,-144,-376,7.772
60.608,-42.001,34.451,-224
-445,5.221,471,200
-92.136,226,-486,-13.305
-151,-30.676,48.473,96
-152,-100,15.595,-52.473
291,-89.519,-3.481,-10
-30,35.864,273,48.249
-293,98.737,-278,-50.304
-69,-74.439,350,28.862
-360,-14.237,289,62.425
-83.044,49.677,-38.957,80.254
-17,-45,-273,-445
8.046,334,-29,-265
-276,-85.535,80.282,-51.473
271,494,-86.307,51.503
-44.53,-493,-61.26,-25.923
60.958,-288,93.633,215
-365,-359,408,-359
-329,-416,33.689,86.269
64.189,-452,50.879,76.535
22,89.258,-7.64,-67.747
42.72,42.037,-334,77.052
48.674,0.869,-357,95.415
-445,-476,-231,-6.763
254,267,-26,-176
-83.934,303,-462,438
259,-74.304,-167,-240
236,-1.585,70.67,-292
-79.306,255,23.607,-272
155,-14.982,59.927,41
7.756,313,-86.6,-20.616
-499,72,-122,-453
199,-419,36.868,-349
-63.305,438,386,-56.461
417,46.014,309,188
48.124,387,23.268,40
-484,461,-17,21.406
-44.429,156,284,-142
-82,-294,-162,61.161
-76.057,-69.3,-40,-74.819
322,97.909,239,-31.62
9.849,-73,82.946,-427
-7,-57.87,-14.163,68
-122,424,258,-33.741
204,39,343,373
-228,56,96,-481
179,32.199,-60.51,297
37.426,-345,-59.545,-13.704
260,-155,488,174
-74.673,92.754,-449,-123
-450,-7.354,-33.837,-7.938
-488,67,-322,70.114
-42.516,-429,-402,-44
-213,-117,49.676,-44
1.507,302,-93.439,66.489
-230,-79.381,216,-4.016
69.577,-81.855,-95.848,-90.336
-231,431,53.478,-324
-306,-67.59,-352,-407
-329,-187,-76,19.253
-10,-288,162,17.84
-86.206,-2.73,324,63.705
58,169,20.136,496
-78.736,197,82.753,-45.124
483,-129,-464,-86.595
-54.437,-40,-486,87.183
387,228,35.091,13.976
-350,-139,-158,296
-116,-275,51.115,65.042
-20.457,431,57,491
-389,-94.04,17,6.592
-51.087,-92.954,33,425
-353,9.283,-348,-82.807
-15.321,-19.678,91.745,24.917
314,61.725,-58.496,92.951
-416,36.794,-69.515,-212
-60,7.775,-87,-40.244
36,72.895,396,17.056
-40.607,-77.166,373,-105
-76.198,-465,105,-69
-69.935,151,-169,42.532
-59.496,307,-131,82.984
34.226,-136,-386,-38.239
379,170,268,60.792
129,3.221,70.511,-24
56.179,190,-14.514,-28.665
57,-41.849,-83,-20.439
-432,-19.082,-79.21,42.114
-488,-20.526,-64.164,-495
292,391,376,-76.338
68.474,-16.609,-470,-28.248
-85.559,47.296,-95.279,-247
-53.567,-422,-396,359
75.014,-55.603,45.015,455
-338,190,-334,-48
-462,46.333,52.357,173
-67,376,-305,229
110,37.727,23,-271
330,99,-17.021,29.586
207,-27.178,66.549,50.345
-44,283,-62,356
-209,-70.378,57.926,-14
-43.631,13,-181,-359
238,457,46.901,497
109,-113,97.586,313
-93.194,-368,84.429,-460
-498,-18.375,-453,-40.205
-78,68,-425,220
61,249,65,-5
328,-76.677,82.838,358
-129,-484,38,180
213,-206,1.666,464
-60.101,441,336,10.138
-43.276,231,22.042,86
-58.7,-313,-116,-55.39
175,152,-181,-32.501
132,-21.062,459,437
95.328,-381,1.557,-11
-65,433,-10.403,270
437,379,214,29.39
-73.847,404,365,377
-15.858,-87.072,223,-159
67,55,53.052,-488
-101,8.588,-191,-486
47.43,289,143,-17.709
304,50.804,-339,-3
20.347,-373,-146,-418
-44.331,-67.41,313,10
65.717,-5.084,118,7.883
88.006,342,-243,413
307,410,-358,43
61,437,-43.749,-203
-317,10.783,170,-151
63.69,97,481,-85.565
-23,-117,98.96,50.295
160,72.683,321,417
33.728,53.336,408,-28.812
233,-54.156,-244,147
-215,-426,-56,-324
22.813,-54.802,88.858,-67
-197,33,113,73.363
17,18.991,80.942,-27
197,301,-40.072,-229
-192,-56.776,-32.458,-68.571
51.536,19.623,88.074,332
74,-461,151,289
-13.5,-88.117,-271,128
-492,20,-12.504,-3
-98.118,174,-162,40.547
-153,98.323,-326,226
-335,220,77.687,227
10.869,324,-75.105,-53.499
-133,-110,0.338,239
-196,-79.913,173,64.752
495,76.719,15.131,365
-212,-75.871,-469,-418
-11.751,-22.147,-31.596,50.439
472,-325,172,266
-485,-134,-93.153,21.918
-1.504,-374,-49.602,-52
-373,280,66.276,-124
-24.627,12.038,-370,339
-467,176,268,-96.213
351,47.733,-219,-412
-83.027,63,489,-391
-495,-99.062,-24.972,351
411,91.242,-45,-114
-233,88.433,-84.809,-210
14.379,117,-446,105
-156,18.049,59.05,83.375
-41.508,2.446,78.045,-443
24.683,87.052,60.779,29.841
-35,-495,446,69.828
8.228,-5,65.715,26.94
-84.606,-97.192,-158,196
-33.798,-53.77,126,-57.858
-421,-249,80.843,-241
354,-33.305,87.702,-403
-31.623,-472,-166,-398
-331,408,-125,-83.827
55.629,175,409,4.212
80.794,-69,-88.848,-8.788
-84.416,-55,36,-201
88,14.708,59.293,133
-297,261,386,56.187
301,74.627,56.165,-93.958
57.264,-47,-70.523,-448
33,92,-156,207
2.62,-92.995,488,-73
25.224,-453,2.783,-10.752
-16.532,-402,17.967,73.699
92.761,186,-282,-205
-39.869,-290,0.415,271
99,92.742,-19.659,22.003
-233,54.116,93.049,-428
258,-223,-490,189
15.184,430,90.642,18.607
-97.406,58.828,382,-225
-445,56.718,431,-379
84.671,-206,59.687,-31.632
-269,-61.112,309,74.416
442,-149,89.131,-99
-277,61.159,30.748,230
-152,-201,337,47.389
65.107,209,61,-67.569
38.215,145,132,97.069
423,-221,-197,-38
-92.244,-92.682,-23,478
-276,280,73.945,41.136
286,-307,-21.733,-357
-332,479,49.951,49
445,-314,-85.826,-232
173,-434,-99.615,14.081
-71.508,-56,21.271,27.398
236,66.706,290,156
-142,-87.768,-83,3.288
103,-30.137,135,-350
-80.407,-324,201,-382
-152,-7,-188,44.236
7.718,-66.566,-87,-121
381,491,25,-253
-87.742,82.035,-92.946,-113
-209,29.707,475,-328
58.237,-57.094,-94.682,7.278
-394,90.876,254,-4.942
142,294,-231,34.194
374,-34.344,23.342,-69.1
285,-489,16.264,465
219,469,0.454,86.093
35.004,385,-82.422,-214
14.425,-310,-104,22
390,39.004,69.63,192
-42.109,-6,-26,14.604
15.887,44.473,65,-76
56,215,-19.122,387
85.167,-390,35.078,13.679
-29.969,-453,-30.57,-245
-34.689,-199,98.08,-2.722
103,198,118,145
-69.908,477,377,-18.195
160,42,70.89,8.575
71.831,-27,-454,6
-164,191,342,-75.032
-173,331,-4.782,-52.871
-371,-270,-383,462
-271,196,-10.239,485
-197,-276,142,-256
-61.871,34,-216,98.239
-448,-42.306,20.04,-204
445,271,-38.645,-6.804
198,14.062,79.196,-188
-86.285,370,347,24.953
-12.935,-1.62,15.124,-11.524
-39.389,-82.398,-92.143,-8.401
463,152,-68.731,375
147,-50.176,36.893,44
-34.672,338,170,-34.936
186,-408,418,-33
-370,127,86.272,77.938
-174,-38.31,-30,1.405
-1,238,-54.526,89.181
-417,57,-466,153
46.664,0.065,235,97.502
362,-50,104,-97.049
-215,343,-129,84
-302,386,-70.265,-357
375,249,-15.788,126
69.077,233,-42.591,-256
461,18.182,9.417,-77.772
36.817,3,211,58.575
-153,83,384,-255
38.767,-94.818,-351,93
4.113,300,47,-44.519
-392,77.97,181,23
-20.384,-22.757,-82,357
-445,-3.177,-64.15,-39.886
333,142,-231,-7.209
-59.457,18.099,-27.965,200
-187,340,190,-15
-38.9,-85.381,-338,-67.073
-79.028,26.755,-52.078,-437
-89.042,-234,95.3,-5.464
-220,5.943,55.613,424
-84.778,-272,-178,270
99.955,-65.632,-29.824,115
157,-438,-84.844,-256
-40.459,-40,100,-81
72.883,61.574,-34.573,394
-278,224,204,380
-381,160,-359,-52.205
-40.961,-216,88.515,86.139
470,92.976,-85.177,16.068
-80,-285,121,-349
-403,-121,289,237
-101,-46.946,-67.494,223
316,29.663,459,-2.243
-40.909,76,-93.137,319
456,-29.458,-203,310
24.881,284,5.015,405
-40.514,37.188,296,249
-6,231,-451,282
-208,-17.059,-33.915,78
-23.012,22.664,-82.736,-296
-477,-77.455,321,-386
-96,-90.038,-40.239,-25.237
-78.767,186,362,-289
-491,67.38,-41,23.819
-50,-21.917,187,-90.265
348,42,-438,-14
6.297,319,305,-58.132
0.539,88,409,-71
-119,48.418,-48.68,-109
-42.706,449,-10.296,-302
29.931,-194,97,-366
-33.325,-39.232,62.049,-72.872
248,185,417,98.241
-29,148,228,65
77.925,275,460,-63
35.783,-386,374,177
191,-10,-43,-457
-3.844,33.784,-66.902,52.107
-43.364,83.614,310,-374
26,-63.169,-10.129,129
182,41.88,200,168
-13.583,-70.357,-448,-56.995
496,-398,47.504,-74.97
192,36.385,74.749,89
-137,-40.126,476,-56.712
11,-341,75.903,-406
-11,-96,-87.31,-389
86.543,37.405,-149,-223
-168,14.85,493,-71.004
412,484,-71.234,427
141,-365,468,-65.389
22,-100,378,106
-12.595,328,87.423,-93.433
161,125,15,-489
-32.045,-73.66,-77.226,478
318,35.556,16.139,-50
38,-235,-10.727,31.553
384,-3,183,-72.706
238,-198,-23.532,-4
69.457,474,32,59.436
-497,7.187,368,-33.138
-366,61.712,-111,6.599
68.885,-399,95.653,-5.374
4.956,39.069,-91.425,290
166,417,453,-482
-75.724,22.68,269,31
141,30.529,-210,54.999
398,-39.567,-70.218,-76.803
-99,-14.279,432,-386
43.421,-454,316,14.384
96.417,14.201,-226,16.812
-34.311,58.596,-353,437
-67.24,297,98.545,-181
-478,-448,-424,-468
-359,-60,-191,434
22.183,166,77.93,192
-351,431,499,154
-357,441,-260,42
-58.981,-431,-90.555,20.546
-470,484,-61.776,-376
31.44,-10.834,-48.697,-63.633
-39.82,-12.43,481,-73.742
-74.118,-57,237,6.265
-71,329,325,-6.209
411,-346,-20.525,-372
-99.364,-456,112,-469
176,499,-91.903,-65.781
-257,29.769,-5.252,-260
231,121,-44.958,183
-388,87.656,218,-257
-78.571,5.123,72,449
-65,-21.257,-19,38.863
77.547,-94,-100,-217
102,-134,78.115,-63
-33,28.214,16.021,262
8,406,-71.371,268
1.946,-396,291,131
15,48.235,55,-433
-347,401,90.409,176
70.563,300,-14,10.11
64.666,21.719,-92.895,-234
2,82.505,-71,24.106
59.951,154,-10,-20.182
-104,-3.654,-171,11
464,-162,-367,-374
-68.401,-77.241,46.297,121
105,14,-154,-174
-78.812,-207,-69.416,-48.45
33.065,89,-95.796,-80.411
-252,18.727,56.954,432
484,91.112,-87.918,-23.295
-65.386,93.539,1.471,50
89,190,245,-41.349
-462,59.161,34.273,-20
77.577,-275,117,-121
-31,-50.813,19.3,-333
16,-22,75.352,-56.642
99.884,-23,486,-198
24,186,-498,28.384
400,-439,-259,-287
-41.83,92.113,-24.299,-427
-94.411,-59.881,-462,388
-174,2.812,180,-23.926
-65.095,-96.408,-115,186
-270,84.826,31.497,20.225
75.904,260,-176,489
-82.035,95.86,-32.769,367
50.499,-21.558,400,10
-492,319,45.376,-163
-128,-42.004,-435,491
-29.961,-340,-2.152,42.648
-65,227,-116,67.165
-31.048,-12.126,-64,-8.015
-474,83,337,345
-3.134,75.376,8,402
298,455,23.207,90.731
-88,-146,337,-307
-20.691,51,-48.198,232
-53.265,30.549,-416,0.632
-70,-120,15.189,91.025
96.458,-56,65.928,23.178
-82.555,484,-35.27,16.251
160,-79,132,323
87.852,-364,143,-466
406,-37.803,255,-32.811
-90.445,-98,-67,177
-425,-60.413,-418,254
437,176,57.575,364
-37.283,34.978,181,52.828
69.778,345,-99.092,-44.087
54.283,-204,-83,-436
57,-76,-65.768,37.868
417,37.389,285,74
-40,61.261,238,-39.061
293,-230,-37.139,-370
-233,345,76,-99.809
394,-95,-62.255,46
21.612,36,46.706,382
58,89.05,346,26.053
-322,77.884,30.994,265
-0.586,-54.953,-18.062,-169
-456,83.156,81.203,-330
137,45,-9.613,177
-121,21.248,-314,-90.355
-89.834,346,-124,444
307,-48,385,-16
-96.144,175,308,-11.271
338,-230,1.997,400
-320,27.926,223,-72
-313,-480,-264,328
-18,94,-260,423
-352,71.03,-14.606,-242
482,-36.017,-438,56.835
18.103,374,2.502,-226
-423,0,118,-45.588
313,-401,-87.018,-119
-12,-39.161,-97,-296
20,-94,87.371,-23.633
39.442,-6.807,-3.736,162
-19.753,100,-84.137,343
-289,-473,55,250
47.623,-430,187,-183
-263,80.195,-191,466
17,474,-484,-266
-135,-365,347,-73
237,-95.515,3.272,215
196,138,94.514,-491
370,77,-247,196
-72.658,-432,9.74,85.065
-30.162,-9.838,-441,206
-80.396,-19.268,42.323,112
457,10.056,28,5
30.533,5.772,211,52.321
-3.517,78.728,35.205,349
186,-363,69,-473
-450,-499,82.746,72.721
-451,-47.794,28.164,-296
-463,311,-8,-52.535
39.877,-53.195,-253,24.189
-338,94.773,73.056,-5.515
-51.42,76.507,65.273,300
-54.553,414,6.188,94.493
47.114,-37.611,-82.27,-11.929
-89,228,423,-19.205
-22,17.28,443,26.732
-113,-100,96,-37
-150,-135,-479,-278
12.654,-72.526,-49.774,19.55
-4,302,2.025,203
438,391,-2.246,452
-94.46,-430,459,395
-398,-31.676,-97.541,42.207
-60,71,164,-10.059
96,439,-29.484,-59.415
-457,-9.011,-29.32,-31
59.41,-439,-56.048,-172
328,65.174,132,459
388,-12.643,17.045,-45.02
-26.429,-48.383,-95.568,-90.469
215,278,-371,5.054
-281,361,385,-356
-49.294,-260,-94,52.136
26.42,-399,322,28.962
-94.587,18,-451,191
23.429,-84,96,186
15.322,-31,42.507,442
-25.726,459,-448,-94
-164,10,43,14.578
-369,127,-58.01,-48.216
-62.388,-285,25.23,-334
-432,-63,35,21.994
24.383,395,-86.271,-77.981
-42.837,488,-85.707,42.971
-23.238,-24.721,-77.108,469
47.674,82.907,136,28
-134,84.967,24.984,50.083
149,429,-74.806,207
87,-303,39.028,-135
-437,-217,223,-85.177
-2.777,281,48.244,1.84
283,-284,321,-63.584
-138,65.034,-95.141,-295
-405,-15,-287,-439
63.622,284,-348,-224
-34.906,32.403,-80.872,194
409,15,-302,377
-242,-264,54,-4.765
150,345,-67.429,-493
-48.523,65.255,-117,461
-240,44.74,49,-74.865
-147,64.446,41.906,332
-85.785,102,25.287,-341
331,-466,33.485,225
-84.508,54.742,-291,37.076
-38,-222,-180,-90.494
-98.722,22.746,-37.302,-85
88,93,9,-192
-185,94.448,42.79,-61.802
-96.665,-13.06,-146,49
-44.776,53.586,-4,376
-77.907,393,-57.869,258
393,21.683,63.181,-68.964
-23,-41.733,-281,41.964
-43.274,-22.76,-52,321
-136,-291,457,-6.101
50.418,-110,-329,-209
304,-491,6.313,-38.059
-80,-159,-277,7.915
-492,-151,-13.028,-115
-352,78.864,-206,319
-320,46.065,137,-54.709
-44.059,244,-85.656,336
17.742,-256,99.82,65.044
-78,98.192,-354,-351
20.06,-369,-81.97,-354
-18,403,-93.794,-444
15.161,-154,76.022,-432
-41.84,99,88,299
2.258,-297,-3.617,-106
-198,25.613,-43.165,314
-23.688,-94.843,-77,222
114,325,350,10.565
-268,-491,-466,465
-40.765,-460,89.919,76.736
-357,71.853,133,29.315
-139,49.293,-9.705,22.344
-433,50.923,-89.236,132
-243,-463,-404,-301
55.748,-481,78.313,59
-468,-71.069,39.56,-23.32
-21.963,-229,299,-10.422
-94.87,-447,386,-75
-61,422,-51.207,51.045
-256,63.524,498,-55
-48.251,-474,82,61
-10.444,-169,68.277,20.765
279,-188,64,-93.437
13,428,-90.287,-23.677
85,25.238,-428,-20.535
-285,-340,-71.11,-10.236
477,-30.776,-485,-448
489,-432,1.331,9.187
275,322,-162,-58.099
-38.444,49.253,268,33.377
-363,-248,-272,30.181
-95.194,-328,394,208
100,113,-1.568,236
24.556,-69,-496,-464
499,84.472,-99.951,39.038
-13,60.689,459,90
60.445,88,104,77.084
9.718,-8.81,-17.373,-262
76.583,-46.363,-74.044,64.453
-445,-54.955,-99.024,277
26.56,-199,406,-493
26.048,252,292,58.937
442,-150,-107,199
-45.225,-62.838,-351,91.198
-492,-92.174,-259,-16
-23.917,100,494,-72.615
-12,84.456,-70.852,231
-97.053,-79.793,-155,-464
-71.557,-68.967,-29,216
-489,418,458,-80.073
-490,-481,-54.429,29
-54.992,39.305,0,-31.609
56.734,11.178,73.646,79.385
-141,14.564,-58,-102
44.562,81.137,270,-473
295,-205,267,-78.038
89,451,27,-166
37,12,-471,143
-208,484,487,90.005
-79.485,448,-254,-33
278,-372,-27.948,-88
-82.206,51.71,-88.995,-137
-20.612,461,440,-92.113
-436,60.857,60.047,157
244,-8,14.208,-27.198
10.675,487,-54,88.507
48.545,-472,67.051,-257
-54,-237,-83.638,13.155
-24.158,480,-39.528,-89.735
-86.092,-25,67.952,410
40.818,27.73,293,-47.397
140,-171,223,194
-78.773,-200,-456,42.327
256,76.649,286,49
446,77.826,-306,93
-30.189,32.854,500,58
-177,445,163,-47.338
80.414,-406,-402,-183
226,-140,-22.437,-54.768
-342,151,-95.371,-21
392,186,364,-430
62,87.187,-221,-493
153,-413,-472,-347
-59.923,-78.868,-63.142,63.976
-39.683,-21.453,-56.847,83
-29.814,-430,-339,17.527
-495,245,-103,-196
350,-2.712,222,-28.603
468,402,96.554,-272
-129,-52.724,77.948,-34.692
146,-267,-412,-277
-27.765,269,-10,191
-351,-40.043,44.976,29.656
71.623,-79.14,91,49.259
-345,349,-94.253,382
-20,91.175,-222,383
-454,40,-6,40
-30.456,-74,20.53,46.64
289,482,-63.685,443
52.618,-41.045,-49.242,35.016
51.45,-281,294,-459
-414,78.642,74.5,11.376
69.966,35.614,-315,-460
-60,-0.232,-41.455,68
180,-67.893,-336,315
461,-25.739,-51.483,34
-499,123,64.217,288
52.576,-12.385,94,-52.352
-128,-45.946,350,0.958
478,-136,-51.856,-46.565
198,-446,286,-56
50.077,-84,215,408
29.81,-8.381,22.114,-303
79.377,-195,70.286,-83.711
-412,438,-462,87.249
87.606,12.191,213,-16
494,-74.559,47.481,-107
-350,275,207,-73.755
-14,-486,-455,-20.939
-232,-71,-31.211,-45
61.729,71,252,-391
-162,-265,228,-98.375
-29,-17,287,405
33,-194,-377,88.53
-346,-3.586,-46,1.417
-251,-201,361,-51.024
239,-19,217,-261
-15.805,-53.044,439,354
-155,168,10.46,-58.784
-45,79.738,-39.942,-93.36
28.225,-246,-438,-34.785
355,-151,3.458,-43.064
142,493,-68.739,284
5.656,-90.736,-484,210
-36.675,144,-83,-341
-247,-41.462,-73.409,-12.027
-55.363,295,321,-429
-283,12.922,229,383
-42.595,73.795,69.194,-141
-102,-66,-74.809,-162
-39.271,-89.32,-87.721,50.606
-124,-312,-98,-47.493
-326,102,386,50.612
-22.146,438,-37,89.22
-82.764,-79.066,92,32
23.793,-168,72.498,93.526
-313,469,-148,-54.702
-375,-399,27,-414
198,-236,-24,392
-87.155,-52,17.77,-36.648
-341,415,-487,487
-228,9,-18.415,49.489
-158,185,230,455
295,481,-40.308,309
-31.995,-484,256,-353
-198,-402,49.303,-7
88.426,184,-62.564,88
-34.127,-3.801,85.73,-82.459
-257,231,-179,205
12.354,-1.016,38.878,242
-97.254,30.491,1.769,111
80.341,77,-24.402,195
-164,-499,57.751,-267
159,13.275,-262,-20.746
261,-202,113,82.508
54,475,57.743,396
-61.863,75.934,499,-30.301
418,423,24,75.644
-51.297,32.237,347,264
364,-385,354,462
-34.662,221,-164,-70.989
189,437,294,75.124
475,-84,-77,-23.824
-477,-415,-57.034,-262
33,-182,255,113
32,178,0.303,-93
-84.745,-5,69,264
78.634,69,459,-357
-62.214,-26,-136,38.455
8,181,-314,-437
-228,-188,484,-108
356,-145,499,48.718
70.546,-55.142,76.859,154
-102,193,-126,330
445,107,64.315,37
426,90,-295,-252
-189,-71.967,495,-296
-192,64.722,90,20.468
224,41.937,300,68.63
298,156,246,-428
55.672,31.713,67,74.331
252,269,-328,88.116
371,153,-38.333,45
-438,-387,-69.907,484
119,-76,474,-103
-311,73.972,-11.595,-479
-109,63,-17.201,-22
207,92.993,0,457
-82.642,102,417,68.059
352,64,-464,55.552
-231,-251,339,168
-98.06,269,361,229
167,-89.135,-322,54.567
-106,92.467,4.731,-69.659
46.523,398,-487,99
60.987,76,277,47.905
2.491,-58.951,-34.967,453
402,71,-69.039,-64.086
-101,67.355,11.053,-74.797
46.872,27.111,59.77,-331
-61.625,-196,-68.741,60.48
91.956,-391,136,-8
-197,-54.005,25.577,79.946
386,-237,66.479,-94.194
82.728,-78.544,73.034,198
-281,-459,16.706,485
-280,-133,51.647,-9
38.827,-2.59,-498,-220
-64,10.591,-90.414,97.887
99.315,19.313,-237,153
68.121,-78.228,-81.447,-27.074
52.822,41.777,-386,128
-468,493,-99.567,57.137
128,66,-73.056,90.686
-9,72.754,154,143
160,-6,-41.899,-107
25,57.963,-484,240
-405,150,164,-302
-11.065,-395,407,-87.013
-328,-46,-91.746,-82.647
-45.095,-52.752,-111,44.536
-74.11,21.617,-44.61,68.371
-128,233,-80.223,-161
-343,348,-102,-372
-242,-5,-7.196,-376
324,-54.04,242,-50
-53.915,195,-6,61.356
-27,325,456,6
-231,-7.568,66.762,-147
-76.422,73,-439,-295
-39.386,31.733,-315,421
-269,-56.578,386,-239
-67.834,-121,39.699,-13
425,-229,99,-1.969
443,-378,-327,468
54.331,-67.189,162,317
43.203,10.745,-46,399
49.802,-433,-37.48,499
411,-155,13.818,-84
68.164,-5.004,-31.025,-73.081
85,-174,4.685,321
-38.488,6.524,0.19,274
-81.649,-105,-275,417
-85.921,27.176,361,59.621
349,-3.231,268,-19.371
-51.936,87.076,-225,386
230,92.821,-57.822,6.599
78.873,30.542,219,-25.763
-38.54,95.902,-238,44
-24.539,38.049,402,57.249
-40.322,-87.266,-263,8
-455,378,329,-167
-349,447,-77,-59.821
1.648,-75.818,450,203
-200,23.523,-401,64.832
60.446,-127,-171,-490
100,-173,-39.331,34.666
-46,-76,269,90.774
-246,2.43,-393,304
69.106,92.063,451,-300
-75.592,4.59,-181,-57.28
469,-82.025,96.553,-399
-486,68.615,439,-144
-413,-32.23,-298,-350
-48.632,-215,-25.596,-74.263
236,342,-449,448
337,-35,-50.14,301
-306,-364,51,98.934
-188,-79.754,-22.995,6.556
41.301,38.467,54.207,-176
338,353,30.542,37
-35.418,73.571,-462,93.281
-229,86.083,-492,277
-56.818,-74,-44.534,192
-130,-37.867,404,79.946
62.574,-70.346,-395,266
227,312,84,488
258,346,-147,-48
-40.168,-226,-179,-226
397,88,14.189,-295
480,28.542,384,-488
-93.842,-373,-405,-310
-476,-58.62,-15.047,-321
-43.63,-158,-62,394
-24.314,80.47,132,-451
198,-143,40.643,31.812
20.991,11,-38.578,20.516
-195,103,228,-160
31.195,-216,-55.504,-247
-170,391,-56.703,-94.358
-316,368,-71.125,50.112
279,397,23.899,152
-82.72,-236,93.051,-83.608
-80.785,6.2,-298,350
-494,-96.024,391,-289
-29.284,-278,99.506,-80.554
47.761,-466,291,-168
43.415,-390,312,-290
-444,-0.873,428,-447
-13.85,-97,360,38.45
-426,-64.022,190,-0.473
374,-416,24,-114
-50.871,-35.462,206,-41
-459,-249,-141,-430
261,-86.284,81.78,-32.927
69,339,350,293
-73.205,220,364,-239
-224,-431,111,46.009
16.34,411,-368,-493
72,4.112,-134,-361
54.39,66.653,28.916,-5.363
-379,-95.364,-38.312,252
41.565,-88,64.583,91.691
-16,123,-44.132,-313
-45.123,-167,62,-280
87.985,-373,39.355,-93
-67.975,81.243,79.792,-62.573
-34,-57,95.839,-87.667
420,14.66,39,-162
-75.276,-95.302,-106,-8.859
382,-140,97.159,394
-337,-336,24.4,-141
33.996,86.069,161,-479
59,-26.936,9,25.429
-12.867,63.798,375,190
-437,431,-480,104
-244,210,17.398,64.056
-332,-303,28,-0.116
-44.22,456,353,24.944
370,59.61,78,-432
-141,-95.109,-80,5.77
-55.016,-312,-476,-490
86,-73.846,283,-436
-35.977,-24,-26,-66.511
-26,-401,20,374
104,68,-457,-301
206,109,170,396
31.445,428,222,228
-454,172,-348,236
-52.496,-67.273,36.937,-406
-109,-276,-346,236
349,10.316,-74.574,-93.592
-119,126,36.898,-306
-87.359,15.229,-212,-10.014
-433,85,53.026,402
-124,263,-6.858,-3.038
-84.069,30.183,-128,-160
398,40.564,16.564,-67
-35.871,38.91,-84.004,-30.737
-122,429,-66.861,491
-77.431,-68.648,21.755,14.731
51.568,-45.734,498,110
323,43.512,-24.377,-77.041
61.549,-330,-66,74.31
51.12,90.503,281,80.321
41.565,89.975,-365,28.292
-234,315,274,329
-413,-170,-97,23.362
223,54.549,63.499,-67.845
463,490,389,44.7
-330,88.696,56.176,-29.48
-95.299,28.965,3.188,-7.054
141,-146,14.189,458
-97.567,-481,50.223,59.207
67,-37.107,-118,88.492
95,417,217,10.235
-57.404,-31,-132,-15.584
-407,319,205,-203
-45.757,489,-251,-84
235,-291,111,-77.253
73.171,39.768,148,-21
-77.697,-93.048,17,276
-493,-423,347,-370
247,118,172,26.344
161,141,218,-76.451
-428,66.256,439,-56
292,-268,87,415
19.244,-486,-91.827,-477
433,48.493,-51.645,3
-100,223,391,-91
200,52,56,-13.839
-134,93.52,-42,411
442,-61.981,218,-60
132,232,11,-315
-152,-229,66.721,267
-370,-485,84,-12.79
61.15,-126,330,196
50.762,45.341,-377,439
-246,85.873,82.891,-61.269
66.072,-62.027,-22.111,4.173
349,-10.146,15.913,-257
19,-241,272,-30.994
-391,-211,-70,31.611
-31.415,296,220,-489
32.416,91,-466,106
95,-289,91.16,308
306,-37,222,-35.798
-266,10.49,-57.631,36.904
-384,46,185,-228
-39.945,-185,-25.058,180
-422,85.251,455,-435
71,91.571,-59,49.581
71,18.332,-5.786,-35
-62.519,200,-314,466
-452,-97.789,-404,-470
371,9,63.705,-490
-31.218,-140,476,-92.234
-96,28.36,-80.349,-168
49.441,8.92,-6,-479
96.732,-50.809,27.109,235
50.314,8.88,-249,-16.186
354,-316,11,-321
-34.506,85,-82.82,490
-36,-47,-52.782,69.739
139,216,57.798,9.763
212,-96.574,59.632,41.01
-261,87.136,-102,-63
-65.77,180,83.667,12.268
132,263,-90,99.859
-118,224,117,10.524
35,149,203,357
-328,-288,-305,-30.045
437,-52,-28.898,328
-10.094,279,-279,-239
45.778,247,233,-122
98.575,-257,37,-85.278
333,19,81.58,-86.86
-337,-7.835,-157,-490
423,342,-430,60.821
-90.856,81,-495,82.459
15,70.215,-463,-70.531
176,-96.845,-79.37,44.914
353,386,97.855,-443
-137,253,184,309
38.524,-337,98.976,-85.723
461,378,-229,-40.574
-56.994,19.123,91,-25.503
-296,145,-41.381,488
-400,5.844,-7.035,361
29.071,-23.282,185,-375
-97,454,-50.189,270
-16.484,41.014,11.809,76.368
-63.641,177,411,-120
65.376,-81.503,112,491
-211,50.19,183,185
-13.407,53,496,-332
-273,-54.841,14.974,54.17
59.488,22.426,-200,75.066
-289,24.111,150,49
-500,160,55.343,-69.851
-177,61.875,-393,-59
-94.583,78,-474,16.574
-56.593,-182,-122,-3
156,30.446,-272,-192
-112,116,16.395,44.706
19,-95.07,-125,-485
44,-33.112,-18.319,216
-4.958,79.014,-463,230
49.135,-72.327,55,173
-59.55,-280,-90.784,-33.743
-415,263,87.164,15.653
211,-65,-214,-258
60.325,142,-254,-179
254,-60.643,-45.896,72.798
89.472,-20,-20.152,84.575
-97.307,-24.191,-273,-281
-27.509,-296,-85,43.951
99,32,33.999,4.885
308,-59.119,-51.357,132
94.017,-234,-18.69,113
-109,193,-79.199,470
-200,-347,315,-409
-65.89,-77.381,410,63.297
120,78.073,-25,62.66
-252,427,-54,-18.262
-230,-72.581,-1.793,-488
51,-84.614,-26,-68.617
-275,90.346,372,65.341
17.301,-318,91.081,-23.711
-52,338,227,-378
69.112,-310,-53.116,-386
-137,309,25.629,199
-6,229,-11.008,20.497
-298,289,-412,-47
-18.991,-61.942,-5,-90.905
153,-84.223,-99.897,327
-93.281,23,69.242,-341
-301,-74.478,130,90
79.042,-411,436,5
183,-56,25,66.481
330,-147,480,107
-233,-414,-230,58.038
-250,-41,-396,-297
-31,-35.528,69.866,78.833
-423,59.823,430,-135
-351,22.937,-400,3.265
-30,38.502,-39.607,-253
75,150,90.243,-92.756
181,-36.671,-81.586,481
-187,389,-95,-373
123,-39.272,54.109,-442
-420,-312,33,-24.825
78.407,-57,-223,-51.643
258,-432,-479,86.947
15.866,-408,63.145,-15.197
-239,-222,-39,-93
39.321,72.191,-318,-29.09
-73,435,-96,33.834
-83.439,-10.884,19.903,51.09
-48.662,-2.644,-71.676,415
-78.661,62.172,44.743,260
479,71.944,-242,67.081
-75.734,-88.915,307,94.734
-179,82.321,-18.679,250
-48.287,-438,31.498,-445
-6.098,-55.355,30.11,-21.423
255,-59.74,-247,-352
25.381,-112,455,-181
432,-163,-354,-326
-38.018,-108,412,-41
-64,-18.003,-38.629,-38
43.859,47.127,-97.253,267
-81.525,-21.206,234,208
-367,-10.331,447,-413
302,49.577,-5.927,153
110,237,-256,48
-39,475,-423,-286
424,83,275,-20.419
-159,-83,-352,-189
123,257,47,-20.174
-165,265,259,203
-496,-86,44,66.036
-158,-0.616,58.321,276
70.892,-17.789,24.733,-277
63,0,23.971,372
-54,-72.724,431,29
-54.407,-47.316,0.964,35.69
-76,-9.135,395,349
-175,-40.004,-95.651,27
-45,-155,-51,-217
-40.717,-6.431,-93.417,3.861
420,24,-287,-307
-69.183,18.319,8.188,20.063
-102,-427,-62.415,237
-330,190,89.805,429
37,-22.283,-69.039,79
-79,55.486,54.851,72.865
73,-8.283,-400,90.748
28.155,354,-130,80.657
13,-63.446,477,-114
-298,274,316,-35.158
36.206,83.79,59.589,67
-15,419,-27.115,-66
-29.089,48,-110,-42
77.593,68,456,25
-66.874,231,-56.633,59.562
438,-237,16.758,83.297
-298,175,50.511,-31
-333,-492,45.032,11.913
77,59.58,-359,34
68.064,96.768,27,269
-104,25.602,331,355
-229,-101,95.575,19.582
-366,79.253,45,62.365
-46.909,-42.142,-162,384
-186,284,-414,210
324,465,-148,-130
-38.899,-414,221,-314
-46,0.298,5.6,-378
152,-40.105,34.224,352
1.533,182,19.208,151
30.161,-237,297,-323
15.716,3.59,-12.461,-3.685
8,-226,348,414
111,8.549,17.777,-415
-276,84,420,61.996
-407,147,244,84.519
216,372,12.249,489
-28.7,-141,-151,-71.425
53.839,9.528,103,18.275
-71.048,333,-46,-171
414,226,328,429
75,-474,-2,214
-133,-75.826,-42,-70
-347,17.483,-374,103
207,-50.884,440,307
5.767,255,-214,-6.945
-62.398,98,482,-51.307
26.513,-477,-449,17.081
33.445,88.412,35.106,-47.597
-88.136,346,-73.522,229
-380,43.414,3.615,4.361
-93.308,34.295,32.445,73.971
435,-431,435,-316
46,81.607,256,58.151
-96.47,-91.325,-45,-76
-417,343,-4.565,-202
444,-40,230,163
180,35.471,481,72.806
442,-428,357,-284
-73,67.749,332,387
-21.847,348,-214,-15
-95,438,-2.005,197
-336,-12.295,-185,30.715
110,432,91.927,-85
77.397,216,174,-333
204,32.169,-465,-98.817
216,-73.185,139,95.369
50.211,72.173,-55,-60.45
411,-4.778,180,-73.515
447,218,-9,87.702
196,-258,-280,-40
-291,45.731,220,76.439
196,-418,-43,277
-300,-386,-64.063,8.171
-98.478,16,75,345
-164,420,-435,257
-241,-43,499,214
-216,78.11,353,-204
-144,-407,64.742,57.973
-91,486,381,391
99.929,20.478,44.293,51.573
-413,378,-354,209
472,228,35.551,-449
-162,367,88.837,23.378
424,-68.253,303,305
-69.346,-55.236,-8.422,-228
9.446,-488,-36.153,292
-33.402,347,22,-66.183
0.951,-414,81.328,40.354
-74.121,28.938,62.824,99.572
52.206,-284,19.732,-403
-85,-192,348,-56.986
0.844,-23.237,-215,383
-22.704,-33.943,371,56
-60.285,-138,-68.458,297
36,38.72,335,-427
453,-60.02,82.203,111
-283,35.638,60.479,-346
32.243,-383,258,375
-79.281,32,274,-405
-38.233,52.103,44.199,41.067
-97,-54.425,-137,-444
-285,-83.665,-79.711,447
-89.57,-235,-91.715,95.659
488,474,22.973,-466
-66.309,-83.584,-68.239,-424
-22.108,-18.891,247,199
315,125,-220,-95.287
-19.515,-406,-20.728,-396
79,43.534,478,59.217
41,362,189,-215
5.122,-88,444,-343
485,98,-346,-50.745
-73.937,-14.201,-461,111
31.165,-18.789,99,-429
15.97,107,-1.643,344
10.184,-82.112,292,-109
150,-27.613,-33.306,-2.178
-69.189,187,-414,482
2.716,182,93,32.417
297,-164,70.561,-36.572
-393,-223,179,18.384
-123,122,-327,-59.745
-211,-70.808,-487,-58.281
293,-310,-96.241,-54.021
230,15.252,71,404
-11.2,-87,89.144,33.659
-31,-350,-41.742,-22.876
-349,38.589,14.445,12.03
-337,237,-96.078,-481
-48.007,-79,-92.098,-46.697
-54.773,-43.489,-28.152,77.305
3.811,92,337,-467
-234,-31,-116,-89.547
288,76.733,-23,225
413,-45.953,347,79
-52.912,-131,46.508,68.313
14.454,32.505,56.82,-187
58,146,-428,-292
313,131,-30.506,-381
94.741,-98.598,431,285
76.642,490,68,-45.348
350,-262,-264,-53
28.897,294,-282,390
65.757,74.803,483,189
-307,-201,-65.58,32.222
172,23.129,-178,-160
310,0.619,-43.499,-29.366
-70,-489,83.74,207
-88.051,6.78,-430,-17.014
-273,256,-42.903,27
77.205,-408,42.201,57
165,401,31.651,62.197
68.297,123,38,457
283,-279,-272,5.854
-291,-435,-497,158
-102,-4,-419,-10
-212,137,-73.684,-3.346
-98.107,-216,78,30
-49.43,-455,302,19
80.505,362,-14,329
-18.947,165,21.094,-369
206,-119,11.093,431
-331,152,407,78.83
-475,482,1,381
-207,21,-101,-378
278,-82.102,-20,377
24.756,119,-81,51.279
75.843,-137,49.235,-5.914
-14.29,386,485,399
-7,-69.776,116,308
78,-338,-460,-47.34
8.417,-307,296,-9.485
27.88,420,441,6.286
-248,-68.748,83.725,179
66.975,351,97.389,-9.872
212,-110,333,-30
59,-450,-60,165
-414,-29,10.294,-126
-327,75.46,-5.744,-140
-86.362,-22,94.185,85.594
33.574,145,-79.139,-111
49,74,166,-14.677
-254,176,-489,-17.639
-165,-259,431,8.577
-234,332,-61.978,-487
-21.782,-391,1,355
-23.284,43,36.08,-20.414
-14.406,-231,142,109
47,-40.266,59,57.013
85.977,-185,94.466,-6
480,51,-66.873,461
52.887,392,-18.59,194
-257,-37.465,-91.471,-83
-338,403,229,14.102
297,61.172,-90.772,-299
-302,-25.133,142,-24.552
41.814,62.173,-262,196
-8.987,-26.99,-21.163,-84
-96.471,-29.065,-4.102,-426
-71.034,11.333,39.523,-122
-417,67.978,-68.558,-111
141,474,246,-17
-34,-411,79,64
274,-460,158,-27
-93,460,352,2
186,-79.784,485,11.841
-308,-268,-228,-0.537
-201,-465,405,46
-188,-469,218,13.906
-38.63,92.746,-83,11.304
333,490,35.064,90.995
-424,-30.262,-372,-41
268,-9,170,293
67.968,-15.792,-9.29,79.651
10.159,-14.668,86.555,-478
342,-81.879,-68.744,-500
-13,83.445,-23,470
-153,402,62.999,-52
-75.442,-123,-50.584,217
99.105,390,83.412,-56
-83.153,-17.623,-8,65
-370,20.805,38.779,461
-424,-21,393,7
17,-43.016,-69,-14.147
382,-491,-85.655,455
-355,-96.528,487,147
36,-72.695,-8,-382
-459,-11.017,-132,97.756
10.081,-133,-37.031,218
391,313,-96.687,111
-250,-46,-444,-192
47.719,41.991,-37,340
-351,-379,260,-152
200,-99.536,-203,216
-101,-500,-348,-212
-49.514,72.006,164,-60.109
46.223,267,-57.641,298
389,-63.574,261,413
29,-368,-295,99.063
102,215,6.272,-239
31.776,360,500,-304
68.941,334,-29.011,440
-350,-84,-78,-80.369
26.867,-340,384,-47.571
50.687,89.028,9.142,18.922
46.233,292,-22.54,174
-9.262,249,-25.235,-28.499
53,31.497,433,22.364
2.892,7.13,-43,-45.671
220,223,55.873,-264
435,459,-100,171
335,396,29.435,-331
388,55.99,27.775,448
86.137,34.419,46.875,26.823
331,-433,113,96
348,93.979,-11.446,-116
-30.925,-75.435,372,9.631
-104,7.065,-261,-208
-176,-342,300,41.692
-447,166,-176,192
-344,-458,-91,-80.501
10.438,-231,63.647,98.784
52.925,-379,141,-106
85,-319,285,17.097
347,-20.73,-207,451
161,12,97.606,-25.327
-24.157,122,23.242,-33.831
71.736,43,216,477
-36.353,-81,461,50.467
-244,-11,437,-403
145,-156,-497,-449
-16.412,116,435,-185
-8.072,41.629,6.371,-217
66.561,-88.258,17.887,187
283,188,-330,-407
60.124,-415,15,-458
38,95.376,187,-393
480,-416,64,-91.55
-91.209,-12,-29,38
-452,21.478,131,-93.188
-113,72,87.286,255
243,370,429,-70.18
-216,370,-73.543,174
-5.996,-22.725,-21.11,170
343,21.488,-65.058,-377
359,440,45.18,-15
-313,-9.338,52.511,25.826
462,-8,-37.291,45.354
0,424,-30.822,-236
-377,-131,32,39.544
-85,-284,94.295,-270
-3.723,69.918,-90.282,22.189
-164,5.674,-58,96.994
-107,356,99.542,-78.494
333,-200,86,254
-276,12,-99.329,476
80.53,494,-51,188
71.027,-92,-251,-93.273
6.75,27.245,46.979,-139
-77,250,-359,99.428
79,-343,24,-262
14,419,-6.858,-76.662
133,-216,-24.248,-274
95.124,-467,314,-55.612
-10,383,31,164
-476,430,53.777,197
44,4.612,112,28
473,-25.655,420,-71
75.152,-153,-375,-91.776
288,102,97.286,325
-96,-412,93,-341
346,181,-460,-396
253,-364,4.86,253
-347,290,428,270
46,-432,-63.874,172
19.862,252,468,-301
-90,52.159,90,210
-51,-13,201,-212
263,-71.314,389,21
-30.048,396,-26,-34
-42.605,144,-92.927,62
66.488,62.41,372,82.163
-278,-311,-330,-51.617
51.177,-476,-29.386,-302
-353,-188,23.793,-423
177,96.901,1.274,-74.584
-33,70,55.693,60.673
66,-180,-69.791,-15
73.375,-345,-197,304
192,392,-291,33.508
-80,7.579,211,245
-89.314,95.605,-273,64.081
64.996,67.912,-80.084,-77.228
-276,-430,-8,-23.385
-63.21,22.781,-19.409,-260
-357,23.698,-144,97.854
-135,33.964,44.492,49.195
78.136,198,-498,273
310,-54.945,95.429,180
168,-125,90.757,22
-27.957,242,-96,367
7,75,-37.262,452
27.019,-87,-65.342,470
-484,23,412,-17
-383,-13.056,325,16.294
9,-148,434,-77
347,116,18.862,417
141,-245,89,-342
-60.017,-192,37.808,455
-91.683,-91.622,-69.414,390
133,82.604,94.305,-39
-257,-91.977,-99,-83.859
92,-292,307,260
-2.387,-1.957,308,37.827
50.993,5,-13.238,-409
50.449,359,-376,99
-53,-370,-35.719,64
150,-77.946,269,-286
81,351,273,9.732
-36,-499,-86.319,258
-319,-454,29.275,83.873
54,52.959,72.659,-213
447,-91.982,173,-46
-83.535,-86.103,-373,-300
208,241,-38.347,-463
-58.427,318,14.007,-67.674
491,-44,-76.447,494
-48.042,-473,288,89.628
30,8,-374,213
-6.89,-46.265,36.248,5.861
6.285,-128,-192,460
376,319,165,-261
-49.243,451,-88.462,-447
-481,-368,-380,-88.51
241,-68.049,-429,-37.248
-81.062,80,-227,121
6.104,-80,-239,43.419
28.799,-453,-32,48.664
-61,-11.666,282,-375
-80,-73,90.962,1.816
18.017,303,59.713,261
-78,22.393,-32.752,270
-53.249,-303,8.033,26.94
70.688,182,-423,25.71
-34.175,369,37.634,-409
-61.699,41.734,131,95
-124,-127,143,251
-71,0,38,58.751
305,278,472,4.566
-72.468,-28.696,7.987,320
-303,97.119,-412,295
328,202,338,-498
311,55.094,0.538,74.46
66,-137,156,-238
2.845,-13.977,24.781,9.815
-441,-60.098,-63,254
-77.895,332,271,223
122,35.651,-178,-8.329
-182,286,98.601,-270
-57.359,-36.445,301,76.58
29.994,370,-44.029,-303
302,-6.963,-394,-46
17.096,70.698,-92.208,-261
-228,-70.635,-493,355
-292,150,-291,91.867
280,-53,45.802,-61.166
385,169,-187,-221
-449,-59,219,396
357,-207,-387,10
62,-14.948,369,-3.607
301,48.066,-76.217,158
-14.062,-128,85.855,-51
-46.457,62,89.087,-43.069
-62,269,203,-279
283,99.759,35.999,14.499
-335,-73.57,-34.242,174
227,338,-93,5.842
-128,28,13.562,-32.362
-16.091,202,-114,57.422
-249,-330,-49,-402
-10.707,443,345,-234
-82.222,-419,76,153
-44.43,98.135,17.725,81.093
53.619,-395,397,-386
-64,-113,306,27.343
-468,23.434,-15.985,-356
-29.649,64.682,42.922,96
-19.506,40,-49.402,-180
131,-73.595,-18,327
466,6,-186,233
-44.667,-91.028,-83.78,-97.921
-33.79,-351,82.033,-280
311,55.622,307,-199
147,91.263,31,-270
417,240,-69,-49.448
-463,74,224,82.655
414,-294,-148,3.972
-89.819,-18.429,-408,124
-28,-104,163,434
-278,-211,-61,35.775
-32.036,220,52,478
90.722,-5.604,14.27,-64.258
-487,173,59.483,-78
-3.281,305,-28.665,66
-494,-89.18,-332,-405
85.565,-242,-251,172
31.437,-50.246,33.423,-82.874
494,-118,-69.859,85.144
257,93.863,-16.019,-6.916
60,44.674,-271,-25.747
-61.447,64.189,83.126,-81
-59.071,319,154,-20.805
367,165,-328,95
26.082,-16.305,483,-90
-432,4.343,-33.231,292
-5.664,-93.566,57,377
-185,-366,-95.866,43.512
-32.212,-41,179,64.616
33.18,6.886,36.024,217
-241,-236,-325,-340
83.107,231,200,-54.335
107,29.507,-64.005,253
-35.542,-81.073,-480,-64
119,61.215,-216,-214
-0.523,-71.726,159,-247
-250,-35.509,-206,1.048
308,-98.734,-327,46.338
302,58.594,-462,-465
-26.823,-282,-226,-285
9.256,52.452,89.513,407
31,-143,-90.206,-391
-313,28,250,273
-338,-173,-240,-99.668
202,-35,-154,82.907
22.697,13.505,-74.076,285
54.039,-38.848,-78.699,-38.213
249,-231,293,-241
-300,-321,-444,-326
67.938,54.56,189,429
200,361,-454,-410
456,484,-61,7.684
89,186,-430,-367
304,4.361,-29.684,66.762
48.093,-12.772,408,205
-37.635,205,-93,-34.148
-303,-136,-54.496,255
-215,-90.892,-21,-316
-118,126,-473,191
24.437,96.717,88,-413
75.766,124,75.801,-157
26.275,79.458,-83.163,298
24,-81.568,-136,-42
-280,-127,-74,45.327
-55,-81.178,-229,-466
85.542,-12.262,71,-85.742
-425,8.881,-87,-298
237,-2.634,-101,-249
3,-15.314,-86.568,10.021
59.048,-240,52.291,-38
46.966,-21.911,-325,-1.355
-44,446,8.35,72.685
-29.668,-92.199,-339,408
-138,-496,-160,-56.967
-198,363,11.646,159
-47,-19.166,147,147
-18,-43.136,345,53
30.022,-42.367,-333,-30.817
-348,81.497,-204,94.244
137,-189,238,-16.085
282,-111,-378,-27.299
-135,-53.641,123,-84.085
-297,-198,-20.682,435
56,63.255,378,32
-416,-36.967,-46.699,-85.767
-259,454,-13.744,-235
-35.372,453,394,-202
39.581,253,-0.417,-365
411,-64.579,-12.273,-103
-3.882,-119,301,-40.247
-31.489,6.245,75.919,-60
-299,-4.767,-63.256,159
257,0,50.002,-456
53.491,84.57,13.476,-200
-51,8,-22,268
48,82.172,53.431,299
-400,-45.793,255,-395
232,423,99.487,236
445,372,98.033,-191
-243,-51.38,352,123
490,249,-22,304
264,-444,-136,-315
-311,-453,91,60.521
-69,86,-50.738,50.392
337,-60.212,46,312
-50.347,-146,272,-351
462,120,5,180
363,243,284,372
-83,19.538,-95.978,-348
164,251,92.56,70.864
480,-8.044,-97,73
-57,-57.23,-66.663,-484
-458,21.82,30.618,-58.53
-222,211,-56.858,-282
-298,181,-211,494
-25.694,-83.111,239,-93.031
-302,53.387,-178,-53
55.309,-161,488,64
23.646,44.015,-353,-2.799
71.909,-22.879,-53,97.165
328,177,399,72
486,-61.35,7.999,50.406
-32.343,-393,85,-493
-15.125,82,477,58.345
316,66.804,-110,-62.726
-414,84.42,174,1.721
26.998,96.432,275,452
201,57.423,31.964,98.366
-150,47.264,256,490
-356,-57,30.784,-19.188
198,-158,-394,19.598
-43.45,-57.29,-75,-21.212
-32.576,99.47,61,-423
64,84.899,-241,-95.44
292,459,-69.065,-54.552
-347,91.813,-443,337
-254,-24.271,-47.428,52
-117,-66,-34.232,37.807
11.486,23.098,83,-336
334,-16.415,256,68.465
6,82.325,258,-417
303,-91.115,392,431
404,-28.319,306,399
-220,-89.722,490,419
-338,44.308,-277,94
-223,-281,16.36,160
169,-404,21.121,428
448,-98.763,-129,-300
86.352,-69,-484,-16.977
303,37,489,419
263,-134,74.803,-87.382
375,-31,453,-262
-70.474,-301,12.239,-420
19.74,205,-408,-56
91.151,497,-178,-409
498,-53.955,18.189,81.572
-1.655,-65.876,-62.801,475
295,67.118,-87,-234
68.449,29.424,-244,84.731
393,-6,-85.839,-381
-85,-33.284,95.285,80
-34,-10,372,-453
-7.768,-249,373,63
-156,194,15.488,34.709
-18.678,-40.869,-15.778,-273
-210,-383,-20.028,36
279,-99.279,27.387,236
19.754,-225,27.72,-81.251
-373,-500,-236,293
354,39,431,12.115
480,-11,44.383,-198
-173,-118,-30,-13
-43.458,94.27,-23.66,-176
17.799,353,354,24.847
-362,-35,-48,11.747
-50.272,-320,140,8
-64,42.398,339,208
274,294,-468,249
-391,-232,243,-18
73.159,24,82,-19.606
-318,-18,-79.567,-214
433,1,-323,47.703
87,-171,28.748,-226
88.966,-0.243,298,309
71.496,146,-13,-35.699
0.387,-404,-186,-75.662
71,-57.318,478,375
-160,-202,-24.265,75.88
-15.729,15.432,398,-30.691
485,185,85.276,-66.25
-41.264,7.048,-197,-8.385
-86,-89.747,-88.396,-78
-108,286,-53.248,-184
90.629,-349,-101,179
-340,374,-43.781,-5.898
-51.448,143,195,68.681
-494,-281,-71.518,45.91
482,164,56.958,-286
-22.162,-22.81,-91,-4.214
316,-402,3.869,-24.179
-15.149,-74.954,233,73
-221,-22.302,62,-62.229
-12,406,-156,230
50.534,-30,60.793,28
38,0,310,92
55.916,21,191,46.135
372,-95.403,78.793,-489
-500,-322,8.442,494
84.075,-11.658,-13.166,-158
56.023,384,-94.851,441
-94.767,213,13,-419
-57.513,-415,496,-67.465
-43.502,-60.185,-98,98.779
-178,-494,59.546,-85.243
369,-220,156,-478
482,-393,-373,77.797
86.935,386,12.383,-11.45
33.462,191,238,18.878
173,374,84.987,-6.634
326,-195,-76.812,-6.64
-323,-411,-42.745,309
-304,52.504,406,-29.336
-51.612,322,-74.183,-82.548
-204,163,164,32.119
12.24,-257,-4.267,-147
31.889,-329,476,443
26.676,-29.199,39.687,-78.607
73,-65.952,-478,-24.558
-335,87.092,174,-171
330,186,-196,-138
-255,54.348,437,417
195,14.783,30.475,-1.966
305,-7.301,67.34,22.596
-153,-207,176,7
482,-316,134,101
323,-83,-42.024,8.835
34,187,-317,-172
423,121,-79.689,46.712
215,-259,203,-167
-42.972,-80,-19.584,28.866
290,430,292,-216
-350,-99.924,90,-161
-201,-86.923,62,409
87,-393,58,40.061
-172,61.06,-122,-46.576
327,-191,-19.321,-25
25,32,97.574,-329
76.644,30,329,-306
-137,-35.619,430,182
-321,-97.565,43.182,-186
-61.509,-319,-31.796,-84.254
-37.599,489,-23.171,22.114
-93.243,415,173,-430
32.077,32.281,-95.999,37.37
260,59,-461,-28.074
-277,-490,-68.684,32
-148,-400,20,444
-233,87.55,203,-179
-39.291,-51.541,166,285
42.408,-5,86.491,176
-58.512,354,-206,36.088
-228,-404,-80,184
127,-20.485,-64,-57
43.296,156,80,-105
54.526,-45,-57.19,84
61,366,359,96.899
-379,-430,56.335,-80.32
-1.712,87.395,83.586,-53.831
-11,-15,-248,21.645
-271,-22,-447,-104
362,11,-485,-62.771
180,-203,144,162
-39.998,50.213,304,-399
-39.119,-330,-84.227,3.482
-2.241,298,71.166,37.992
-44.848,29.395,-42.594,-238
343,-65.588,438,-84.954
16.164,-425,-238,393
18.817,-14.257,-409,-30.002
-30,100,97.41,-453
-199,-121,56.339,-71.061
230,189,500,-50.464
-228,-248,-1.875,-441
283,-347,22.378,75
110,-442,-40.123,261
277,357,97.083,255
-270,401,29.281,-153
-246,466,-59,-291
-0.406,-443,-498,63
-490,66.371,-492,94.57
-19,-56.029,-325,-444
-40.571,446,-55.808,-14.829
331,33.062,-2.932,-338
-103,-26.108,-22.296,-176
52.796,30.441,18.071,-155
-389,-7.852,-275,-237
439,-27,331,329
-80.764,-68.869,21.818,-63.179
16,483,-17.024,69
-50.724,80,18.541,393
66.361,86.758,-312,423
53,-323,-193,-219
-125,15,-37.115,182
41.461,136,187,52
-13.731,-125,-55.172,50.875
37.386,286,36.173,86.463
389,22.519,86.608,-141
165,-60.105,-107,10.02
-29.47,-33.39,386,34
307,23,15,-54.251
-35.402,-416,-65.046,-27.116
300,-23.016,-474,98.616
-463,-209,4.014,235
40.054,23.35,64.047,73.389
29.363,-70,498,-328
83.026,-8.616,-63.436,-29.602
58.867,-80.73,178,-167
406,44.495,-348,-43
256,23.548,-10.711,-14.399
-213,372,-188,78
-52,141,-432,-13
-254,-340,-175,1
-18.557,-409,44,-388
252,93.777,354,-34.81
176,-119,46,88
233,-76,55.886,80.223
-30.184,-24,-336,252
-389,-66.335,-475,338
-38.581,-4.96,-63,-215
182,-11.587,22.602,9.544
-95.904,-44.992,297,490
-208,-137,-81,-60.476
-489,458,-482,95
73.229,-143,-2.109,-93.617
-433,-2.071,-149,77.159
46,-34.529,-67,-19
-116,343,-142,-371
42.766,-22.942,461,-72.046
2.312,371,-54,-252
365,226,414,-42.305
-73.639,279,281,-53.864
86.324,-39.815,144,-203
-456,-10.801,415,-134
358,0.069,-421,-123
16.571,64.142,243,481
171,177,-104,-63
109,225,-418,70.548
-145,-132,-414,-71.202
11.991,35.963,177,410
-373,-429,53.286,220
-1.259,36,316,245
-80.154,-18.547,-327,-229
-483,-221,52,18.615
16,-48.484,68,76
-383,78.548,-295,-382
143,455,-232,-7.716
-116,-74.155,37.47,21.599
445,-118,-97.317,30
-422,67.922,282,-265
-12.476,-361,339,-469
-27.656,-62.515,36.508,-11.764
68.218,-23,-224,-465
-351,401,356,72.87
-360,93,-71.211,-29.164
204,354,362,-44.922
14,221,410,-465
18.694,-167,-134,301
-238,-169,63.537,-473
386,489,-408,89.959
255,-311,-253,-28.308
82,82.447,-84.985,49.439
237,71.025,336,41.884
-88,-462,-23.867,-83.052
-23.114,7.33,286,-65.094
221,39.5,422,63.534
165,149,-136,33
83,43.663,-251,425
50.69,-443,-9,-241
121,342,6,-231
-218,-211,-87.763,-445
-92.459,73.212,-227,-488
-84.711,14.457,-54.875,65.74
-39.923,-193,322,-386
-85.329,-414,19.092,290
78.352,-50.854,-42.094,-66
100,466,-151,-24.514
-105,297,-137,-486
444,-64,-25.366,22.845
28,237,186,-439
312,485,-287,-17.566
-309,303,-43.886,-11.792
87,105,-61.509,186
-356,212,391,-8.932
-59.587,30.235,-259,276
-60,-45.374,-13,-8.047
-33,239,159,-99.14
37.53,-30.057,-98.897,52.647
0.525,111,-440,-277
-277,205,-306,156
370,-59.337,125,-394
-85.554,-477,-178,67.36
-148,295,12.111,-364
-76.114,-56,69.45,87.711
309,84.295,17.011,384
71.969,-119,-1.779,177
297,331,-424,13
-38.657,-137,152,85.914
-79.717,37.387,425,72.971
107,-135,488,-41.753
-398,-51,21.732,422
223,81.035,276,-70.295
9.105,46.994,-494,214
-48.248,14,-95,180
0.338,473,-289,-99.706
-48.386,-132,-411,435
59,-93,-333,-252
-138,53,-388,-0.482
-52.946,481,422,-51.731
126,-49,458,-148
74,60.95,-82,91.756
97.404,116,13.381,438
98,-1.584,-63.131,-20.281
0,128,253,156
261,205,169,0
-33,-52.546,-166,-50.272
-58.014,143,-48.854,-94.896
487,-46.495,83.371,-253
26,-86.293,70.947,455
68.749,-483,107,0
-343,-6,-75.492,-94.521
10,-113,-82.747,74
-321,36,-212,156
7,-148,-129,-22.843
208,72.085,65.426,38.202
264,-72.243,-2.012,373
-97.515,-332,368,467
-26.566,-417,108,486
18,485,-21.741,349
-354,53.836,-89.029,6
-43.429,0.666,370,-329
355,-47.851,99.45,330
88.319,27.546,-33.455,394
-91,-333,99,-163
-130,-450,-404,20.859
287,-338,53.253,-84.673
-347,63.99,277,-374
-96.065,421,64.919,-28.69
290,386,-430,-451
-472,3.941,-98.828,360
58,-8.578,368,-208
-251,-67.554,-274,-400
-81.5,-489,403,224
69.453,-15.067,-136,-352
-411,16.072,83,-367
54.288,98,-121,90
-49.365,124,321,324
-9.493,314,-21,241
122,89.724,-18.962,56.972
-72,240,28.512,95.87
240,94,-74.303,87
61,-226,-356,43.693
59.887,42,365,330
-15.721,115,-354,-229
14,-30,430,-39
91.504,-215,-238,92
-90.808,115,-352,102
208,168,41.727,-329
91,142,-398,-360
75.881,-62.418,-393,-94.537
15,-33.99,-43.04,-14.018
-213,-185,-22,311
-251,56,-397,-468
-76.023,425,461,66.317
-35.494,-406,-22.505,38.373
240,224,80,73.959
61.154,-55.494,-114,-78
-436,90.464,16.742,229
-22.326,-39,32.144,-70
87.905,-309,65,-0.427
-97,462,64.603,404
69.372,-49.679,181,56.28
25.762,238,326,255
65.985,148,-93.367,-12.415
-253,295,-108,-268
71.226,52.162,-75,-393
484,-80.615,-252,46.367
259,19.214,-372,484
-460,28.491,-58.408,-463
-468,254,234,-384
21.942,-41.4,73.368,-379
-355,-445,-80.566,-468
63.013,-82,-65,151
65.854,99,402,294
-307,-96.02,33.115,19.465
-49.398,78.45,-48.828,218
-94,-459,-298,88.552
191,191,42.898,438
-111,16.265,-295,86
-87.544,241,259,37.804
-64.407,-376,-436,90.907
76,-334,-254,4.131
43.432,342,20.751,-64
29.299,-92.962,8.217,251
82.327,-430,177,-298
48.59,72.08,-148,-117
84.773,309,78,-446
-257,240,83.597,374
287,265,-169,172
423,-94.135,-35.172,-372
64.007,-251,438,-90.082
-111,297,-218,308
-259,143,-47.451,40.127
-161,-195,-0.55,-122
-443,-226,401,187
-61.068,89.141,-93.918,-467
-400,-82.913,-373,367
199,-2.913,421,78.926
375,473,-83.703,-99
-200,250,-309,-420
52.684,54.763,-497,-360
58,-67.417,-77.735,-66.57
-34.456,17.427,-303,95
275,-35,53,-61.443
-111,-74.119,-475,-138
6.186,24.773,-54.774,42.685
45.697,-242,-500,-225
-41,265,284,-167
96.152,-55.418,463,-372
-236,-388,75.027,93
-100,56.182,-1,-315
-314,-302,75.634,53.104
414,-227,326,76.248
201,149,-90,-65.164
-16,147,24.645,66.188
-312,-274,-89,282
-54.632,31,400,-76.9
13.78,80,246,90.482
238,28.907,249,114
-496,95.998,363,-68.196
60.148,2.771,-22.561,-88.645
92,-71.181,-54,-397
459,-2.736,-435,-264
-12.724,-41.455,-67.267,-498
471,-88.354,-47.171,-84.82
193,30.607,50.388,7.443
-43.653,70.322,-495,301
-445,66.844,-70.068,59.926
459,-71.3,80.576,168
-60.304,-9.507,19.506,51.27
-93.964,-88.931,27.544,-429
90.505,-10.947,-14,-442
193,-27.646,-211,137
279,95.996,346,-41.336
-403,82,-46.138,48.876
-67.904,-340,-83.125,-48.218
-3.574,39.09,29.197,-74.851
11.268,389,-255,-8
-39.184,41,22.912,345
93,-28.825,-74.659,-403
-296,344,484,-407
-89.669,-27.979,30.521,35.207
-399,-15,13,94.082
334,380,-360,-269
-319,-467,47.649,-257
286,-164,67.052,88.399
-38.503,-110,-497,-367
29,-39,-124,-177
-94.447,58.167,33.772,-448
217,-30.288,319,112
23.375,-91,-215,-309
231,193,-16.503,-31.25
345,-392,8.242,-459
-421,-407,184,57.228
-379,99,8.758,-79.611
-351,-140,255,157
-73,-94.259,221,72
470,-363,-482,-295
158,-285,-150,189
432,-23.826,87.032,456
-14.056,301,-319,-377
-78.105,46,-132,-226
421,48.067,-418,-1
-272,-46,-368,16.535
-489,-93.978,257,92.317
-83.498,175,-166,3
-281,-474,19.091,-97.936
-28.367,3.752,-73,-38
-22.927,-174,-1.49,317
-210,34.277,-33.912,172
146,-418,-171,47
220,-87,-221,77.828
86.004,57.866,121,-9.299
96.564,-19.382,-81.102,-386
-11,-265,-459,-79.25
-9,-82.922,21.802,439
19.353,470,-37.03,249
-46.233,362,-278,-474
-11.465,-77.521,-20,40.916
24.456,28.121,-78.591,-186
-192,225,-418,-17.533
78.667,73,-25.579,500
40.076,-374,-181,49.716
-328,307,-36,-25.124
460,56,-66.95,-377
-13,1.611,12.936,-46.427
91.723,-433,-19,72.012
432,73.188,500,-83.099
255,-419,57.583,39.817
63.545,-433,-207,-56
-25.134,-51,378,-58
99.873,-444,-144,97.433
385,-94.618,-345,216
95,145,483,373
-249,-86.923,323,-55.771
419,-121,277,-61.204
16.111,71,-487,-315
70.951,59.479,-367,276
-89.62,-53.548,91.877,53.116
315,346,-190,442
57,400,-451,-95
84.57,-51.403,271,-6.455
-56,5.13,-52.642,17.858
97.392,420,403,-49.704
63.503,-71.517,97.143,110
-16.74,407,308,-56.924
-18,-81.587,215,279
71.404,50.948,-68.979,476
472,74.329,137,46.83
-205,-459,-492,300
122,174,-227,-232
-217,82.87,81.67,47.181
-349,441,64.754,280
353,-284,-58.576,-18.997
-42.924,183,75.017,318
-186,141,-45.458,31.953
-430,-50.951,-377,-4.836
34.756,42,-59.478,-464
-452,481,-500,-236
457,-210,13.008,-368
151,21,299,6.988
208,-141,200,459
-16.397,-487,43.871,65
26,-94.669,-67,97.429
241,-86.491,-86.888,-17.695
378,129,-463,-361
55.762,42.871,60.367,-259
58.565,-45.965,-6.991,46.457
-419,-93.363,70.318,180
-20.487,-51.781,-37,-249
94.157,316,58,-55.627
82.946,462,-36.939,152
-90.252,-251,10.844,66
-356,456,290,-178
62.933,-97,-26,-21.197
-134,35.746,-492,-331
-170,-95,219,59.719
-87.582,93.921,-340,62.917
332,41,69,-19.456
-167,71.243,97,49
-403,-328,-64,-78
-78,0,20.373,22.536
13,221,269,-16.5
-42.322,-182,-20.644,135
356,-459,-143,62.408
-14,8.864,83.481,-20.297
-176,68.137,-57.179,49.065
360,-420,55,277
74.076,2.152,18.66,58.535
41.429,60.198,-196,128
-266,96,64,143
-98.619,22.05,333,69.697
-66,40.013,-276,-36.08
-110,124,-44.989,-11
112,-240,48.693,53.782
-353,-12.224,-70.257,-97.731
-311,68.578,69.05,-262
-445,-108,412,22.055
-323,70.386,367,-71.094
-53,-80.75,189,494
-192,75.15,32.419,318
-3.253,1.688,265,-16.214
-15.077,94.532,65.409,-99.634
-98.012,479,-46,441
-54.535,-493,414,-65.838
52,-83.733,41.028,-260
87.513,-417,329,459
-67,85.021,-18.78,-154
258,-168,71,78
-215,-40.658,488,248
-488,124,367,-31.636
-479,-13,-103,-69.92
96.969,411,41.58,217
-8.456,-131,-53.507,89
208,-333,34.729,345
240,-62.28,-146,-450
-430,-129,-242,111
-212,-44.927,-57.871,-90.035
-277,-20,-95.354,-39.789
205,96.173,39.939,181
66.154,47.882,172,48.915
50.175,-8,466,106
61,208,392,-40.948
-130,-82,433,-148
-61.506,92.348,-456,116
289,456,-265,344
331,-478,-4.087,-145
57.825,-53.818,55.244,2.676
72.742,-38.023,277,354
387,-428,499,6.065
42.075,-32,-477,-98.635
58.989,134,36,146
252,-38.347,-313,31.307
52,398,-307,249
20,348,75.555,-373
-14.364,-482,-220,248
-45.634,-262,-156,-63.609
-285,-399,-312,-14.33
-190,-49.899,-57.43,-31.494
457,247,-3.499,22.371
-46.32,-6.633,63.565,15.82
-324,-78.766,77.273,-2.806
448,71.071,79.232,221
1.889,26.209,98.776,-466
191,394,375,-99.197
84,399,57.459,38
354,368,24.236,-262
-32.379,-82.109,-96,89.402
0,10.439,377,-165
-92,-4.04,-265,355
11,-449,44.97,61.475
-23.171,305,97.803,-322
81.611,-32.226,-51,434
-385,-2.772,63,-70.372
-440,-381,23.814,27.275
-448,-45,-487,96.458
-339,-321,-85.163,-235
-49.24,270,131,-193
25.635,152,-69.156,-32.349
298,-414,-398,258
94.54,342,13.335,387
15.022,32,480,124
-1.328,-70,-423,-176
-47.849,210,-79.646,-24.861
-19.067,-54.99,-473,351
-28.633,-490,181,0.179
140,2,-136,-107
-497,-451,-50.29,78.264
-211,-8.568,166,9.165
258,-66,337,-359
250,71.207,-393,88
-30.434,-93.043,-394,-113
-24.051,377,-60.812,-46.963
43,217,84.521,44.451
-451,-478,-186,-56.265
-358,-306,174,-18.064
-467,355,-25,432
-32.738,39.817,-2.665,6.83
-55,55.533,89,21.768
-43.446,79.332,-406,-81.133
243,-56.948,86.873,-98.379
-360,298,367,13
-192,64,223,-73
81.084,216,-84.867,115
-439,-23,74.834,233
-93.924,-499,-300,-89.605
394,-5.663,-128,-238
-49.557,15.964,-447,10.837
94.748,73,396,386
-81.872,-38.655,2,65.746
-74,-246,-30,95
42.762,64.949,363,-210
17.236,75,312,-80.752
77.36,-443,28.333,205
114,-42.283,-325,-53.983
-1.088,-68.049,-457,-221
-222,415,-55.211,-80.116
-83.531,-59.169,-40.032,-316
27.787,67.141,-369,-454
-77.521,-27,-43.428,-48
25.584,473,130,20.733
48.004,-40.732,488,-46.367
-61.397,-236,76.913,-33.828
333,-38.406,453,241
31.547,-68.205,231,-328
-162,418,86.096,401
-2,-64.342,40.686,55.242
86.844,14.248,138,20.586
-442,390,347,47.638
243,1.046,-464,-359
-344,59.889,341,-15
-51.461,200,12,69.792
60,-41,87,-193
336,207,22.977,-83.201
65.484,50.425,-383,-409
-11.111,-26.903,-78.406,-16.053
36.584,-393,-366,234
43.945,-60,-266,-16.803
489,-45.741,418,126
-140,445,-21,-332
-209,3,-38.928,302
477,195,-318,5.943
-480,79.182,-487,-19.928
-23.82,-472,16.486,270
84.75,76.351,-131,-339
-205,-133,342,48.676
-445,-303,3,397
-91.937,448,405,-487
132,293,-64.889,-155
10.599,-82.377,157,57
58.828,15,45.888,153
-284,-30.029,91,443
147,-32.894,-39,333
-30.419,65.782,5.343,190
-81.993,496,83.584,41.32
-7,364,291,-88
-391,84.284,71.441,330
233,-448,-75.309,-275
-41.308,-463,145,74.376
-329,-300,371,-492
19,-81,-61,99.136
-156,-110,65.959,414
-64.736,-278,-22.722,-203
-60.195,72.726,-302,-209
-369,-45.181,-14.041,61.1
94.697,-387,-384,434
281,-424,422,-452
-84.636,254,-348,-349
-53.199,-18.604,19.234,64
495,-24.376,-57.571,-22.625
23,-113,-177,-216
20.749,0.238,-359,-63.063
431,-62.65,6.02,64
-27,0.647,255,-206
45.177,-385,16.614,-25.549
8.591,-153,-489,114
264,-260,83.999,320
24.1,253,451,-1.928
-72.278,193,-218,110
-13,119,-75.304,-250
95.362,-277,203,-139
-228,-219,58.586,156
392,154,375,38.206
-15.506,-104,-72.479,26.138
-43.492,14.165,-434,54.873
-349,-68,34.281,-91.573
435,207,-13.285,-445
-48.945,6.412,82.022,54
-277,-73.255,183,-331
76.696,358,88.356,284
25.598,72.405,-259,-157
22.608,461,-263,-459
277,-218,56.229,-478
-446,-86,-458,20
267,21.948,80.013,-84.988
-148,-65.723,-340,-415
-60,22,-48,89.252
11.518,-474,485,-342
-67.905,18.425,81.396,44.596
26.88,476,-74,36.088
-372,-63.267,233,131
-67,382,133,-407
-3,-68.001,465,283
37.81,156,87,-309
-26.569,276,47,-221
-114,209,262,424
-85.996,324,-181,-61.079
-221,-80.718,376,-480
-1.542,372,-464,-4.636
-488,56,472,-42.811
-81,369,208,-41.771
-73.677,-96,251,418
-6,186,406,-4.348
-69.763,-350,490,-193
-44.407,-161,-57,2
214,-321,-70.398,442
-11.97,209,38.752,-89.471
-341,-479,468,0.735
101,60.147,81.921,-42.745
-204,90.231,-1,128
32.844,-401,76.372,-88.762
264,11.639,68.239,48
86.86,-460,386,-11.544
-78.747,100,-89.956,-27
205,-416,-390,-150
-218,-398,-38.233,295
-36.333,-63,46.585,-268
-37.116,-32.322,29.202,408
-94.925,498,-100,152
-359,-39.296,-57.191,-81.249
288,-83.54,100,18
234,209,485,97.983
325,423,93,-50
-429,262,-279,291
42.063,79.004,401,32.266
-58.37,-221,37.417,223
-2.245,427,-1,497
-134,23.383,92.016,118
168,-103,-391,-428
-378,280,-169,-5.976
487,1.41,-113,-68
-267,-330,141,91.125
-113,-299,59.115,-69
-30.404,24,68.675,96.078
274,27.906,234,59.904
-121,-239,22,81.585
85,-374,-4.446,90.32
40.581,250,12.078,-238
1.878,-51,-162,-396
298,87,335,44
-340,-408,-114,96.57
445,-4.488,92.105,-73.941
495,-76.755,4,39.827
493,-302,-88.799,282
14.898,-69.921,437,180
34.128,-274,17,-88
-491,-432,483,-98.647
-2.718,-12.262,-148,-96.203
60.696,425,99.868,22.803
-131,-230,190,6
53.348,31,29,94
-311,131,-8.267,-64.065
-3.053,6.739,307,27
30.002,-375,440,65.708
23,-94.576,79,228
-6.141,-25.589,-8.996,95.902
-54.973,277,201,-160
12,231,76.579,-89.548
-269,-315,37.006,78.341
14,24.377,-234,222
-69.289,465,-47.795,-72.764
-72.784,449,-89.539,-183
-255,-10.148,26.419,381
31.719,-65.758,-149,246
58.045,30.212,283,45.395
-7.244,135,-359,55.327
31.145,-429,-95,-167
-70.893,166,-33.736,301
-52.733,-6.392,-168,-231
-65.444,-497,-138,30.689
-450,-29.206,-133,-1.416
-65.063,-225,-181,-69
56.806,-206,287,-55.978
60.751,-447,44.682,4
-37.932,259,-77.824,-393
116,58.678,54.987,-46
259,-276,34.285,-376
78.666,-61.133,72,-38
-157,-376,-170,-19.001
13.36,255,-16.914,-34
-491,96.437,52.972,383
-91,-54.96,356,4.55
-161,-314,-209,71.33
151,-499,-340,10.425
-162,-89.346,-101,21.368
35.002,-10.377,-448,-126
